/*
SQLyog Community v12.5.0 (64 bit)
MySQL - 5.7.21-log : Database - cs2108
*********************************************************************
*/

/*!40101 SET NAMES utf8 */;

/*!40101 SET SQL_MODE=''*/;

/*!40014 SET @OLD_UNIQUE_CHECKS=@@UNIQUE_CHECKS, UNIQUE_CHECKS=0 */;
/*!40014 SET @OLD_FOREIGN_KEY_CHECKS=@@FOREIGN_KEY_CHECKS, FOREIGN_KEY_CHECKS=0 */;
/*!40101 SET @OLD_SQL_MODE=@@SQL_MODE, SQL_MODE='NO_AUTO_VALUE_ON_ZERO' */;
/*!40111 SET @OLD_SQL_NOTES=@@SQL_NOTES, SQL_NOTES=0 */;
CREATE DATABASE /*!32312 IF NOT EXISTS*/`cs2108` /*!40100 DEFAULT CHARACTER SET utf8 */;

USE `cs2108`;

/*Table structure for table `keyword` */

DROP TABLE IF EXISTS `keyword`;

CREATE TABLE `keyword` (
  `keyword_id` int(11) NOT NULL AUTO_INCREMENT,
  `text` varchar(255) DEFAULT NULL,
  `named_entity_id` int(11) DEFAULT NULL,
  PRIMARY KEY (`keyword_id`)
) ENGINE=InnoDB AUTO_INCREMENT=183 DEFAULT CHARSET=utf8;

/*Data for the table `keyword` */

insert  into `keyword`(`keyword_id`,`text`,`named_entity_id`) values 
(1,'twitter inc',581),
(2,'twitter',581),
(3,'exxon mobil',125),
(4,'ulta beauty inc',37666),
(5,'ulta beauty',37666),
(6,'amazon.com inc',1275),
(7,'amazon.com',1275),
(8,'anbang insurance group',1794642),
(9,'dick\'s sporting goods inc',11752),
(10,'dick\'s sporting goods',11752),
(11,'nordstrom inc',26104),
(12,'nordstrom',26104),
(13,'nintendo co ltd',25820),
(14,'nintendo co',25820),
(15,'equifax inc',13368),
(16,'equifax',13368),
(17,'ibm',128),
(18,'samsung electronics',31176),
(19,'cosco shipping specialized',10537),
(20,'wells fargo & co',39146),
(21,'wal-mart stores inc',142),
(22,'wal-mart stores',142),
(23,'paypal',434814),
(24,'myspace llc',1807564),
(25,'myspace',1807564),
(26,'analogic corp',4435),
(27,'analogic',4435),
(28,'sap se',260),
(29,'accenture plc',2981),
(30,'pwc',42985),
(31,'microsoft corp',134),
(32,'microsoft',134),
(33,'hammerson plc',152),
(34,'general mills inc',15327),
(35,'general mills',15327),
(36,'experian plc',198),
(37,'phillips 66',28067),
(38,'facebook inc',580),
(39,'facebook',580),
(40,'at&t inc',117),
(41,'at&t',117),
(42,'hon hai precision',17814),
(43,'square inc',75820),
(44,'square',75820),
(45,'airbus se',1701),
(46,'apple inc',579),
(47,'apple',579),
(48,'viasat inc',38510),
(49,'viasat',38510),
(50,'home depot inc',137),
(51,'home depot',137),
(52,'kingfisher plc',210),
(53,'tesla inc',35806),
(54,'tesla',35806),
(55,'reliance jio infocomm',1798244),
(56,'vmware inc',38788),
(57,'vmware',38788),
(58,'uber technologies inc',40721),
(59,'uber technologies',40721),
(60,'amazon web services',1837176),
(61,'atlantic gold corp',33954),
(62,'atlantic gold',33954),
(63,'mattel inc',23302),
(64,'mattel',23302),
(65,'bank of america corp',118),
(66,'bank of america',118),
(67,'general motors',15330),
(68,'sony corp',33647),
(69,'sony',33647),
(70,'walt disney company',143),
(71,'oracle corp',26926),
(72,'oracle',26926),
(73,'canon inc',7891),
(74,'canon',7891),
(75,'fujitsu ltd',14947),
(76,'fujitsu',14947),
(77,'goldman sachs',94),
(78,'qualcomm inc',29587),
(79,'qualcomm',29587),
(80,'volkswagen ag',263),
(81,'scotiabank',670),
(82,'stellar diamonds plc',1820818),
(83,'glencore plc',202),
(84,'monsanto',24495),
(85,'sirius xm holdings inc',33200),
(86,'sirius xm holdings',33200),
(87,'vanda pharmaceuticals inc',38273),
(88,'vanda pharmaceuticals',38273),
(89,'the boeing company',473),
(90,'british airways',1417211),
(91,'arcelormittal sa',4831),
(92,'bmw group',269),
(93,'mercedes-benz',1451111),
(94,'alphabet inc',578),
(95,'alphabet',578),
(96,'mellanox technologies ltd',23698),
(97,'mellanox technologies',23698),
(98,'detour gold corp',11628),
(99,'detour gold',11628),
(100,'suncorp group ltd',623),
(101,'suncorp group',623),
(102,'clearwater paper',9765),
(103,'stratus properties',34332),
(104,'jpmorgan chase & co',131),
(105,'duke energy corp',12235),
(106,'duke energy',12235),
(107,'aldi',1757),
(108,'spotify',1793662),
(109,'bloomberg',72798),
(110,'first republic bank',14335),
(111,'nestle sa',404),
(112,'funko inc',1836809),
(113,'funko',1836809),
(114,'airbnb',1793631),
(115,'mcdonald\'s',132),
(116,'caterpillar inc',474),
(117,'caterpillar',474),
(118,'zalando se',40720),
(119,'ralph lauren corp',29803),
(120,'ralph lauren',29803),
(121,'kinder morgan inc',21055),
(122,'kinder morgan',21055),
(123,'transat a.t. inc',37078),
(124,'transat a.t.',37078),
(125,'lockheed martin',22448),
(126,'raytheon company',29937),
(127,'axa',5813),
(128,'intertek group plc',207),
(129,'alamos gold inc',3714),
(130,'alamos gold',3714),
(131,'northrop grumman',26224),
(132,'akamai technologies inc',3646),
(133,'akamai technologies',3646),
(134,'t2 biosystems',746405),
(135,'tenet healthcare corp',35725),
(136,'tenet healthcare',35725),
(137,'procter & gamble company',136),
(138,'marketo inc',23142),
(139,'marketo',23142),
(140,'ford motor company',14557),
(141,'syndax pharmaceuticals',1795092),
(142,'bosch',1753),
(143,'harley-davidson',17077),
(144,'tumblr',1807565),
(145,'hp inc',127),
(146,'hp',127),
(147,'cintas corp',9597),
(148,'cintas',9597),
(149,'sydney airport holdings',34918),
(150,'sunesis pharma',34561),
(151,'arena pharmaceuticals inc',4878),
(152,'arena pharmaceuticals',4878),
(153,'esperion therapeutics',13462),
(154,'gilead sciences',15534),
(155,'immunogen inc',18673),
(156,'immunogen',18673),
(157,'regeneron pharmaceuticals',30137),
(158,'anaptysbio inc',1823164),
(159,'anaptysbio',1823164),
(160,'savara inc',1835238),
(161,'savara',1835238),
(162,'costco wholesale',10570),
(163,'valeant pharmaceuticals',38202),
(164,'on semiconductor',26766),
(165,'eagle bulk shipping inc',12372),
(166,'eagle bulk shipping',12372),
(167,'tilly\'s inc',36540),
(168,'tilly\'s',36540),
(169,'interpublic group co',36113),
(170,'centurylink inc',8499),
(171,'centurylink',8499),
(172,'american leisure holdings',4248),
(173,'delta air lines',11536),
(174,'yamaha',39944),
(175,'volvo',2845),
(176,'illa spa',1836994),
(177,'petroleo brasileiro sa',1793322),
(178,'chandler macleod group',8592),
(179,'fitbit inc',1795423),
(180,'fitbit',1795423),
(181,'tableau software inc',35072),
(182,'tableau software',35072);

/*Table structure for table `named_entity` */

DROP TABLE IF EXISTS `named_entity`;

CREATE TABLE `named_entity` (
  `named_entity_id` int(11) NOT NULL,
  `name` varchar(250) DEFAULT NULL,
  `type` int(11) DEFAULT NULL,
  `country_code` varchar(2) DEFAULT NULL,
  `description` varchar(500) DEFAULT NULL,
  `created_at` datetime DEFAULT CURRENT_TIMESTAMP,
  `updated_at` datetime DEFAULT NULL,
  `altered_by` varchar(100) DEFAULT NULL,
  PRIMARY KEY (`named_entity_id`)
) ENGINE=InnoDB DEFAULT CHARSET=utf8;

/*Data for the table `named_entity` */

insert  into `named_entity`(`named_entity_id`,`name`,`type`,`country_code`,`description`,`created_at`,`updated_at`,`altered_by`) values 
(94,'Goldman Sachs',1,'US',NULL,'2018-12-14 14:27:07',NULL,NULL),
(117,'AT&T Inc',1,'US',NULL,'2018-12-14 14:27:07',NULL,NULL),
(118,'Bank of America Corp',1,'US',NULL,'2018-12-14 14:27:07',NULL,NULL),
(125,'Exxon Mobil',1,'US',NULL,'2018-12-14 14:27:07',NULL,NULL),
(127,'HP Inc',1,'US',NULL,'2018-12-14 14:27:07',NULL,NULL),
(128,'IBM',1,'US',NULL,'2018-12-14 14:27:07',NULL,NULL),
(131,'JPMorgan Chase & Co',1,'US',NULL,'2018-12-14 14:27:07',NULL,NULL),
(132,'McDonald\'s',1,'US',NULL,'2018-12-14 14:27:07',NULL,NULL),
(134,'Microsoft Corp',1,'US',NULL,'2018-12-14 14:27:07',NULL,NULL),
(136,'Procter & Gamble Company',1,'US',NULL,'2018-12-14 14:27:07',NULL,NULL),
(137,'Home Depot Inc',1,'US',NULL,'2018-12-14 14:27:07',NULL,NULL),
(142,'Wal-Mart Stores Inc',1,'US',NULL,'2018-12-14 14:27:07',NULL,NULL),
(143,'Walt Disney Company',1,'US',NULL,'2018-12-14 14:27:07',NULL,NULL),
(152,'Hammerson Plc',1,'GB',NULL,'2018-12-14 14:27:07',NULL,NULL),
(198,'Experian Plc',1,'IE',NULL,'2018-12-14 14:27:07',NULL,NULL),
(202,'Glencore Plc',1,'CH',NULL,'2018-12-14 14:27:07',NULL,NULL),
(207,'Intertek Group Plc',1,'GB',NULL,'2018-12-14 14:27:07',NULL,NULL),
(210,'Kingfisher Plc',1,'GB',NULL,'2018-12-14 14:27:07',NULL,NULL),
(260,'SAP SE',1,'DE',NULL,'2018-12-14 14:27:07',NULL,NULL),
(263,'Volkswagen AG',1,'DE',NULL,'2018-12-14 14:27:07',NULL,NULL),
(269,'BMW Group',1,'DE',NULL,'2018-12-14 14:27:07',NULL,NULL),
(404,'Nestle SA',1,'CH',NULL,'2018-12-14 14:27:07',NULL,NULL),
(473,'The Boeing Company',1,'US',NULL,'2018-12-14 14:27:07',NULL,NULL),
(474,'Caterpillar Inc',1,'US',NULL,'2018-12-14 14:27:07',NULL,NULL),
(578,'Alphabet Inc',1,'US',NULL,'2018-12-14 14:27:07',NULL,NULL),
(579,'Apple Inc',1,'US',NULL,'2018-12-14 14:27:07',NULL,NULL),
(580,'Facebook Inc',1,'US',NULL,'2018-12-14 14:27:07',NULL,NULL),
(581,'Twitter Inc',1,'US',NULL,'2018-12-14 14:27:07',NULL,NULL),
(623,'Suncorp Group Ltd',1,'AU',NULL,'2018-12-14 14:27:07',NULL,NULL),
(670,'Scotiabank',1,'CA',NULL,'2018-12-14 14:27:07',NULL,NULL),
(1275,'Amazon.com Inc',1,'US',NULL,'2018-12-14 14:27:07',NULL,NULL),
(1701,'Airbus SE',1,'NL',NULL,'2018-12-14 14:27:07',NULL,NULL),
(1753,'Bosch',1,'DE',NULL,'2018-12-14 14:27:07',NULL,NULL),
(1757,'Aldi',1,'DE',NULL,'2018-12-14 14:27:07',NULL,NULL),
(2845,'Volvo',1,'SE',NULL,'2018-12-14 14:27:07',NULL,NULL),
(2981,'Accenture Plc',1,'IE',NULL,'2018-12-14 14:27:07',NULL,NULL),
(3646,'Akamai Technologies Inc',1,'US',NULL,'2018-12-14 14:27:07',NULL,NULL),
(3714,'Alamos Gold Inc',1,'CA',NULL,'2018-12-14 14:27:07',NULL,NULL),
(4248,'American Leisure Holdings',1,'US',NULL,'2018-12-14 14:27:07',NULL,NULL),
(4435,'Analogic Corp',1,'US',NULL,'2018-12-14 14:27:07',NULL,NULL),
(4831,'ArcelorMittal SA',1,'LU',NULL,'2018-12-14 14:27:07',NULL,NULL),
(4878,'Arena Pharmaceuticals Inc',1,'US',NULL,'2018-12-14 14:27:07',NULL,NULL),
(5813,'AXA',1,'FR',NULL,'2018-12-14 14:27:07',NULL,NULL),
(7891,'Canon Inc',1,'JP',NULL,'2018-12-14 14:27:07',NULL,NULL),
(8499,'CenturyLink Inc',1,'US',NULL,'2018-12-14 14:27:07',NULL,NULL),
(8592,'Chandler Macleod Group',1,'AU',NULL,'2018-12-14 14:27:07',NULL,NULL),
(9597,'Cintas Corp',1,'US',NULL,'2018-12-14 14:27:07',NULL,NULL),
(9765,'Clearwater Paper',1,'US',NULL,'2018-12-14 14:27:07',NULL,NULL),
(10537,'COSCO Shipping Specialized',1,'CN',NULL,'2018-12-14 14:27:07',NULL,NULL),
(10570,'Costco Wholesale',1,'US',NULL,'2018-12-14 14:27:07',NULL,NULL),
(11536,'Delta Air Lines',1,'US',NULL,'2018-12-14 14:27:07',NULL,NULL),
(11628,'Detour Gold Corp',1,'CA',NULL,'2018-12-14 14:27:07',NULL,NULL),
(11752,'Dick\'s Sporting Goods Inc',1,'US',NULL,'2018-12-14 14:27:07',NULL,NULL),
(12235,'Duke Energy Corp',1,'US',NULL,'2018-12-14 14:27:07',NULL,NULL),
(12372,'Eagle Bulk Shipping Inc',1,'US',NULL,'2018-12-14 14:27:07',NULL,NULL),
(13368,'Equifax Inc',1,'US',NULL,'2018-12-14 14:27:07',NULL,NULL),
(13462,'Esperion Therapeutics',1,'US',NULL,'2018-12-14 14:27:07',NULL,NULL),
(14335,'First Republic Bank',1,'US',NULL,'2018-12-14 14:27:07',NULL,NULL),
(14557,'Ford Motor Company',1,'US',NULL,'2018-12-14 14:27:07',NULL,NULL),
(14947,'Fujitsu Ltd',1,'JP',NULL,'2018-12-14 14:27:07',NULL,NULL),
(15327,'General Mills Inc',1,'US',NULL,'2018-12-14 14:27:07',NULL,NULL),
(15330,'General Motors',1,'US',NULL,'2018-12-14 14:27:07',NULL,NULL),
(15534,'Gilead Sciences',1,'US',NULL,'2018-12-14 14:27:07',NULL,NULL),
(17077,'Harley-Davidson',1,'US',NULL,'2018-12-14 14:27:07',NULL,NULL),
(17814,'Hon Hai Precision',1,'TW',NULL,'2018-12-14 14:27:07',NULL,NULL),
(18673,'ImmunoGen Inc',1,'US',NULL,'2018-12-14 14:27:07',NULL,NULL),
(21055,'Kinder Morgan Inc',1,'US',NULL,'2018-12-14 14:27:07',NULL,NULL),
(22448,'Lockheed Martin',1,'US',NULL,'2018-12-14 14:27:07',NULL,NULL),
(23142,'Marketo Inc',1,'US',NULL,'2018-12-14 14:27:07',NULL,NULL),
(23302,'Mattel Inc',1,'US',NULL,'2018-12-14 14:27:07',NULL,NULL),
(23698,'Mellanox Technologies Ltd',1,'IL',NULL,'2018-12-14 14:27:07',NULL,NULL),
(24495,'Monsanto',1,'US',NULL,'2018-12-14 14:27:07',NULL,NULL),
(25820,'Nintendo Co Ltd',1,'JP',NULL,'2018-12-14 14:27:07',NULL,NULL),
(26104,'Nordstrom Inc',1,'US',NULL,'2018-12-14 14:27:07',NULL,NULL),
(26224,'Northrop Grumman',1,'US',NULL,'2018-12-14 14:27:07',NULL,NULL),
(26766,'ON Semiconductor',1,'US',NULL,'2018-12-14 14:27:07',NULL,NULL),
(26926,'Oracle Corp',1,'US',NULL,'2018-12-14 14:27:07',NULL,NULL),
(28067,'Phillips 66',1,'US',NULL,'2018-12-14 14:27:07',NULL,NULL),
(29587,'Qualcomm Inc',1,'US',NULL,'2018-12-14 14:27:07',NULL,NULL),
(29803,'Ralph Lauren Corp',1,'US',NULL,'2018-12-14 14:27:07',NULL,NULL),
(29937,'Raytheon Company',1,'US',NULL,'2018-12-14 14:27:07',NULL,NULL),
(30137,'Regeneron Pharmaceuticals',1,'US',NULL,'2018-12-14 14:27:07',NULL,NULL),
(31176,'Samsung Electronics',1,'KR',NULL,'2018-12-14 14:27:07',NULL,NULL),
(33200,'Sirius XM Holdings Inc',1,'US',NULL,'2018-12-14 14:27:07',NULL,NULL),
(33647,'Sony Corp',1,'JP',NULL,'2018-12-14 14:27:07',NULL,NULL),
(33954,'Atlantic Gold Corp',1,'CA',NULL,'2018-12-14 14:27:07',NULL,NULL),
(34332,'Stratus Properties',1,'US',NULL,'2018-12-14 14:27:07',NULL,NULL),
(34561,'Sunesis Pharma',1,'US',NULL,'2018-12-14 14:27:07',NULL,NULL),
(34918,'Sydney Airport Holdings',1,'AU',NULL,'2018-12-14 14:27:07',NULL,NULL),
(35072,'Tableau Software Inc',1,'US',NULL,'2018-12-14 14:27:07',NULL,NULL),
(35725,'Tenet Healthcare Corp',1,'US',NULL,'2018-12-14 14:27:07',NULL,NULL),
(35806,'Tesla Inc',1,'US',NULL,'2018-12-14 14:27:07',NULL,NULL),
(36113,'Interpublic Group Co',1,'US',NULL,'2018-12-14 14:27:07',NULL,NULL),
(36540,'Tilly\'s Inc',1,'US',NULL,'2018-12-14 14:27:07',NULL,NULL),
(37078,'Transat A.T. Inc',1,'CA',NULL,'2018-12-14 14:27:07',NULL,NULL),
(37666,'Ulta Beauty Inc',1,'US',NULL,'2018-12-14 14:27:07',NULL,NULL),
(38202,'Valeant Pharmaceuticals',1,'CA',NULL,'2018-12-14 14:27:07',NULL,NULL),
(38273,'Vanda Pharmaceuticals Inc',1,'US',NULL,'2018-12-14 14:27:07',NULL,NULL),
(38510,'ViaSat Inc',1,'US',NULL,'2018-12-14 14:27:07',NULL,NULL),
(38788,'VMware Inc',1,'US',NULL,'2018-12-14 14:27:07',NULL,NULL),
(39146,'Wells Fargo & Co',1,'US',NULL,'2018-12-14 14:27:07',NULL,NULL),
(39944,'Yamaha',1,'JP',NULL,'2018-12-14 14:27:07',NULL,NULL),
(40720,'Zalando SE',1,'DE',NULL,'2018-12-14 14:27:07',NULL,NULL),
(40721,'Uber Technologies Inc',1,'US',NULL,'2018-12-14 14:27:07',NULL,NULL),
(42985,'PwC',1,'GB',NULL,'2018-12-14 14:27:07',NULL,NULL),
(72798,'Bloomberg',1,'US',NULL,'2018-12-14 14:27:07',NULL,NULL),
(75820,'Square Inc',1,'US',NULL,'2018-12-14 14:27:07',NULL,NULL),
(434814,'PayPal',1,'US',NULL,'2018-12-14 14:27:07',NULL,NULL),
(746405,'T2 Biosystems',1,'US',NULL,'2018-12-14 14:27:07',NULL,NULL),
(1417211,'British Airways',1,'GB',NULL,'2018-12-14 14:27:07',NULL,NULL),
(1451111,'Mercedes-Benz',1,'DE',NULL,'2018-12-14 14:27:07',NULL,NULL),
(1793322,'Petroleo Brasileiro SA',1,'BR',NULL,'2018-12-14 14:27:07',NULL,NULL),
(1793631,'AirBnB',1,'US',NULL,'2018-12-14 14:27:07',NULL,NULL),
(1793662,'Spotify',1,'SE',NULL,'2018-12-14 14:27:07',NULL,NULL),
(1794642,'Anbang Insurance Group',1,'CN',NULL,'2018-12-14 14:27:07',NULL,NULL),
(1795092,'Syndax Pharmaceuticals',1,'US',NULL,'2018-12-14 14:27:07',NULL,NULL),
(1795423,'Fitbit Inc',1,'US',NULL,'2018-12-14 14:27:07',NULL,NULL),
(1798244,'Reliance Jio Infocomm',1,'IN',NULL,'2018-12-14 14:27:07',NULL,NULL),
(1807564,'Myspace LLC',1,'US',NULL,'2018-12-14 14:27:07',NULL,NULL),
(1807565,'Tumblr',1,'US',NULL,'2018-12-14 14:27:07',NULL,NULL),
(1820818,'Stellar Diamonds PLC',1,'GB',NULL,'2018-12-14 14:27:07',NULL,NULL),
(1823164,'AnaptysBio Inc',1,'US',NULL,'2018-12-14 14:27:07',NULL,NULL),
(1835238,'Savara Inc',1,'US',NULL,'2018-12-14 14:27:07',NULL,NULL),
(1836809,'Funko Inc',1,'US',NULL,'2018-12-14 14:27:07',NULL,NULL),
(1836994,'Illa SpA',1,'IT',NULL,'2018-12-14 14:27:07',NULL,NULL),
(1837176,'Amazon Web Services',1,'US',NULL,'2018-12-14 14:27:07',NULL,NULL);

/*Table structure for table `publisher` */

DROP TABLE IF EXISTS `publisher`;

CREATE TABLE `publisher` (
  `publisher_id` int(11) NOT NULL,
  `name` varchar(250) DEFAULT NULL,
  `partner_id` varchar(100) DEFAULT NULL,
  `display_name` varchar(100) DEFAULT NULL,
  `screen_name` varchar(100) DEFAULT NULL,
  `avatar_url` varchar(100) DEFAULT NULL,
  `country_code` varchar(2) DEFAULT NULL,
  `created_at` datetime DEFAULT CURRENT_TIMESTAMP,
  `updated_at` datetime DEFAULT NULL,
  `altered_by` varchar(100) DEFAULT NULL,
  PRIMARY KEY (`publisher_id`)
) ENGINE=InnoDB DEFAULT CHARSET=utf8;

/*Data for the table `publisher` */

insert  into `publisher`(`publisher_id`,`name`,`partner_id`,`display_name`,`screen_name`,`avatar_url`,`country_code`,`created_at`,`updated_at`,`altered_by`) values 
(749303,NULL,'749303',NULL,NULL,'https://pbs.twimg.com/profile_images/531543472574963712/CNUs-AY0_400x400.jpeg','us','2018-12-14 14:30:07',NULL,NULL),
(763224,NULL,'763224',NULL,NULL,'https://pbs.twimg.com/profile_images/1454199359/me_at_ruby_user_group_400x400.jpg','gb','2018-12-14 14:30:07',NULL,NULL),
(779822,NULL,'779822',NULL,NULL,'https://pbs.twimg.com/profile_images/24073712/DSC00565_400x400.jpg','us','2018-12-14 14:30:08',NULL,NULL),
(3817401,NULL,'3817401',NULL,NULL,'https://pbs.twimg.com/profile_images/949035837508980736/dMklKGKT_400x400.jpg','us','2018-12-14 14:30:06',NULL,NULL),
(4898091,NULL,'4898091',NULL,NULL,'https://pbs.twimg.com/profile_images/931161479398686721/FI3te2Sw_400x400.jpg','gb','2018-12-14 14:30:07',NULL,NULL),
(6259102,NULL,'6259102',NULL,NULL,'https://pbs.twimg.com/profile_images/912750273118003200/YldXn5C9_400x400.jpg','ca','2018-12-14 14:30:06',NULL,NULL),
(6529402,NULL,'6529402',NULL,NULL,'https://pbs.twimg.com/profile_images/799317731648606208/vbXQCdts_400x400.jpg','ve','2018-12-14 14:30:07',NULL,NULL),
(7190142,NULL,'7190142',NULL,NULL,'https://pbs.twimg.com/profile_images/942463577117487104/jExPhon1_400x400.jpg','US','2018-12-14 14:30:06',NULL,NULL),
(8908302,NULL,'8908302',NULL,NULL,'https://pbs.twimg.com/profile_images/937038492483313664/riaQxoOM_400x400.jpg','us','2018-12-14 14:30:08',NULL,NULL),
(9567382,NULL,'9567382',NULL,NULL,'https://pbs.twimg.com/profile_images/840685455729446912/M8OlVjm3_400x400.jpg','de','2018-12-14 14:30:06',NULL,NULL),
(9763482,NULL,'9763482',NULL,NULL,'https://pbs.twimg.com/profile_images/2503554916/7zazvpo8e6kof69twjte_400x400.png','us','2018-12-14 14:30:07',NULL,NULL),
(9820242,NULL,'9820242',NULL,NULL,'https://pbs.twimg.com/profile_images/573516108713480193/4hALz56M_400x400.jpeg','us','2018-12-14 14:30:07',NULL,NULL),
(11491782,NULL,'11491782',NULL,NULL,'https://pbs.twimg.com/profile_images/926091480027897857/NwhDT1qD_400x400.jpg','ph','2018-12-14 14:30:07',NULL,NULL),
(11650472,NULL,'11650472',NULL,NULL,'https://pbs.twimg.com/profile_images/652237096158007296/tM55n3M1_400x400.png','us','2018-12-14 14:30:07',NULL,NULL),
(12092012,NULL,'12092012',NULL,NULL,'https://pbs.twimg.com/profile_images/929066586463338496/xxr1e-Lu_400x400.jpg','us','2018-12-14 14:30:07',NULL,NULL),
(12135892,NULL,'12135892',NULL,NULL,'https://pbs.twimg.com/profile_images/832782807327920128/BzgRnGlN_400x400.jpg','au','2018-12-14 14:30:08',NULL,NULL),
(12203692,NULL,'12203692',NULL,NULL,'https://pbs.twimg.com/profile_images/955694069711286273/lazZX4li_400x400.jpg','us','2018-12-14 14:30:08',NULL,NULL),
(13895312,NULL,'13895312',NULL,NULL,'https://pbs.twimg.com/profile_images/853832654134796288/zbF3bg4X_400x400.jpg','us','2018-12-14 14:30:07',NULL,NULL),
(14111800,NULL,'14111800',NULL,NULL,'https://pbs.twimg.com/profile_images/841842418504814592/C6e8YWlz_400x400.jpg','us','2018-12-14 14:30:06',NULL,NULL),
(14117196,NULL,'14117196',NULL,NULL,'https://pbs.twimg.com/profile_images/619504538291077120/WRsKvui1_400x400.jpg','us','2018-12-14 14:30:06',NULL,NULL),
(14137084,NULL,'14137084',NULL,NULL,'https://pbs.twimg.com/profile_images/60909398/Image214mcrop_400x400.jpg','us','2018-12-14 14:30:07',NULL,NULL),
(14161068,NULL,'14161068',NULL,NULL,'https://pbs.twimg.com/profile_images/51846219/jpy_400x400.png','jp','2018-12-14 14:30:07',NULL,NULL),
(14173315,NULL,'14173315',NULL,NULL,'https://pbs.twimg.com/profile_images/875411730679173121/l9PSFLJb_400x400.jpg','us','2018-12-14 14:30:08',NULL,NULL),
(14247572,NULL,'14247572',NULL,NULL,'https://pbs.twimg.com/profile_images/864168481436180480/DuOsrm5k_400x400.jpg','us','2018-12-14 14:30:06',NULL,NULL),
(14332852,NULL,'14332852',NULL,NULL,'https://pbs.twimg.com/profile_images/624706729209495552/DOEAPR2c_400x400.jpg','ua','2018-12-14 14:30:07',NULL,NULL),
(14549486,NULL,'14549486',NULL,NULL,'https://pbs.twimg.com/profile_images/649598992456679424/dm1HAOjQ_400x400.jpg','us','2018-12-14 14:30:07',NULL,NULL),
(14597239,NULL,'14597239',NULL,NULL,'https://pbs.twimg.com/profile_images/968299288836149248/GwejZN9k_400x400.jpg','us','2018-12-14 14:30:08',NULL,NULL),
(14632194,NULL,'14632194',NULL,NULL,'https://pbs.twimg.com/profile_images/772505498981629952/EUFIJcMt_400x400.jpg','us','2018-12-14 14:30:07',NULL,NULL),
(14677919,NULL,'14677919',NULL,NULL,'https://pbs.twimg.com/profile_images/900059590586486784/fmY_4l3f_400x400.jpg','us','2018-12-14 14:30:07',NULL,NULL),
(14955023,NULL,'14955023',NULL,NULL,'https://pbs.twimg.com/profile_images/963239026692997121/vZP4pq-Y_400x400.jpg','us','2018-12-14 14:30:06',NULL,NULL),
(15009171,NULL,'15009171',NULL,NULL,'https://pbs.twimg.com/profile_images/926209921225388037/BDkgr8Fe_400x400.jpg','us','2018-12-14 14:30:07',NULL,NULL),
(15135567,NULL,'15135567',NULL,NULL,'https://pbs.twimg.com/profile_images/875480950158786560/1086-Aq-_400x400.jpg','ca','2018-12-14 14:30:06',NULL,NULL),
(15192339,NULL,'15192339',NULL,NULL,'https://pbs.twimg.com/profile_images/1834026997/Leonie_in_Cuba_May07_400x400.JPG','gb','2018-12-14 14:30:08',NULL,NULL),
(15459391,NULL,'15459391',NULL,NULL,'https://pbs.twimg.com/profile_images/452238601330241536/NPsrQyU2_400x400.png','gb','2018-12-14 14:30:07',NULL,NULL),
(15692087,NULL,'15692087',NULL,NULL,'https://pbs.twimg.com/profile_images/3452689563/ffb59d35c9e15d02f28df0fff6ef8c72_400x400.png','us','2018-12-14 14:30:07',NULL,NULL),
(15692642,NULL,'15692642',NULL,NULL,'https://pbs.twimg.com/profile_images/939193468227907584/uzS5OmrX_400x400.jpg','US','2018-12-14 14:30:07',NULL,NULL),
(16017659,NULL,'16017659',NULL,NULL,'https://pbs.twimg.com/profile_images/790446581820559360/DPLfAknl_400x400.jpg','gb','2018-12-14 14:30:07',NULL,NULL),
(16032493,NULL,'16032493',NULL,NULL,'https://pbs.twimg.com/profile_images/702468876441935872/KMdqPrHW_400x400.jpg','us','2018-12-14 14:30:07',NULL,NULL),
(16041298,NULL,'16041298',NULL,NULL,'https://pbs.twimg.com/profile_images/866920051089313792/6sNKTf1c_400x400.jpg','gb','2018-12-14 14:30:07',NULL,NULL),
(16044434,NULL,'16044434',NULL,NULL,'https://pbs.twimg.com/profile_images/708665229073199104/6-KzbGj3_400x400.jpg','US','2018-12-14 14:30:06',NULL,NULL),
(16150105,NULL,'16150105',NULL,NULL,'https://pbs.twimg.com/profile_images/3338672036/39450a30aaeda098f463a2b33c1e7ed5_400x400.jpeg','us','2018-12-14 14:30:07',NULL,NULL),
(16207323,NULL,'16207323',NULL,NULL,'https://pbs.twimg.com/profile_images/963535651395137537/CfamnGUv_400x400.jpg','us','2018-12-14 14:30:08',NULL,NULL),
(16299275,NULL,'16299275',NULL,NULL,'https://pbs.twimg.com/profile_images/657206931363360768/-ll7W6XB_400x400.jpg','ai','2018-12-14 14:30:06',NULL,NULL),
(16352179,NULL,'16352179',NULL,NULL,'https://pbs.twimg.com/profile_images/862706932569829376/bJAB1Nik_400x400.jpg','us','2018-12-14 14:30:08',NULL,NULL),
(16357666,NULL,'16357666',NULL,NULL,'https://pbs.twimg.com/profile_images/642043402020777984/n-VsFzWm_400x400.jpg','za','2018-12-14 14:30:07',NULL,NULL),
(16615320,NULL,'16615320',NULL,NULL,'https://pbs.twimg.com/profile_images/942810909466136576/yzlL70dQ_400x400.jpg','us','2018-12-14 14:30:07',NULL,NULL),
(16650480,NULL,'16650480',NULL,NULL,'https://pbs.twimg.com/profile_images/966873090893500416/uX3C23R2_400x400.jpg','us','2018-12-14 14:30:08',NULL,NULL),
(16708360,NULL,'16708360',NULL,NULL,'https://pbs.twimg.com/profile_images/478212555287298048/yX6mulg4_400x400.jpeg','ca','2018-12-14 14:30:07',NULL,NULL),
(16721411,NULL,'16721411',NULL,NULL,'https://pbs.twimg.com/profile_images/861340373943279620/fnM6pGWg_400x400.jpg','us','2018-12-14 14:30:07',NULL,NULL),
(16931155,NULL,'16931155',NULL,NULL,'https://pbs.twimg.com/profile_images/65691012/G_400x400.png','ec','2018-12-14 14:30:08',NULL,NULL),
(17095872,NULL,'17095872',NULL,NULL,'https://pbs.twimg.com/profile_images/419098159944433664/OVmftO4q_400x400.png','us','2018-12-14 14:30:07',NULL,NULL),
(17180761,NULL,'17180761',NULL,NULL,'https://pbs.twimg.com/profile_images/2696500466/11366415cf8427dfc6ebf7bf8205e2ba_400x400.jpeg','US','2018-12-14 14:30:07',NULL,NULL),
(17222493,NULL,'17222493',NULL,NULL,'https://pbs.twimg.com/profile_images/600350625373630464/jKdjaKYj_400x400.jpg','us','2018-12-14 14:30:07',NULL,NULL),
(17349560,NULL,'17349560',NULL,NULL,'https://pbs.twimg.com/profile_images/634441252105142272/3LC08q_j_400x400.jpg','us','2018-12-14 14:30:07',NULL,NULL),
(17497382,NULL,'17497382',NULL,NULL,'https://pbs.twimg.com/profile_images/922575939220881408/WbZihx5Z_400x400.jpg','us','2018-12-14 14:30:08',NULL,NULL),
(17823505,NULL,'17823505',NULL,NULL,'https://pbs.twimg.com/profile_images/962786118155448320/MlawaCpO_400x400.jpg','us','2018-12-14 14:30:08',NULL,NULL),
(17862252,NULL,'17862252',NULL,NULL,'https://pbs.twimg.com/profile_images/847342190560894977/r35OG98G_400x400.jpg','us','2018-12-14 14:30:06',NULL,NULL),
(17895820,NULL,'17895820',NULL,NULL,'https://pbs.twimg.com/profile_images/915525294978666496/ALgq4U5j_400x400.jpg','gb','2018-12-14 14:30:08',NULL,NULL),
(18149053,NULL,'18149053',NULL,NULL,'https://pbs.twimg.com/profile_images/942772068030058496/B7PEGTUC_400x400.jpg','gb','2018-12-14 14:30:06',NULL,NULL),
(18150288,NULL,'18150288',NULL,NULL,'https://pbs.twimg.com/profile_images/784115972726808577/PglxxGtM_400x400.jpg','us','2018-12-14 14:30:08',NULL,NULL),
(18163032,NULL,'18163032',NULL,NULL,'https://pbs.twimg.com/profile_images/935572893706084352/cF7pfSfH_400x400.jpg','pt','2018-12-14 14:30:07',NULL,NULL),
(18205191,NULL,'18205191',NULL,NULL,'https://pbs.twimg.com/profile_images/943869291648167937/tB00aiNM_400x400.jpg','us','2018-12-14 14:30:07',NULL,NULL),
(18301827,NULL,'18301827',NULL,NULL,'https://pbs.twimg.com/profile_images/942720480129118209/E4IVjRUT_400x400.jpg','ph','2018-12-14 14:30:07',NULL,NULL),
(18482570,NULL,'18482570',NULL,NULL,'https://pbs.twimg.com/profile_images/687076485258067968/-XI3jTDY_400x400.jpg','us','2018-12-14 14:30:08',NULL,NULL),
(18635250,NULL,'18635250',NULL,NULL,'https://pbs.twimg.com/profile_images/950066924922155009/TIiiJOVl_400x400.jpg','us','2018-12-14 14:30:07',NULL,NULL),
(18654299,NULL,'18654299',NULL,NULL,'https://pbs.twimg.com/profile_images/928129152661651456/to2w0f59_400x400.jpg','us','2018-12-14 14:30:06',NULL,NULL),
(18659215,NULL,'18659215',NULL,NULL,'https://pbs.twimg.com/profile_images/69781207/brian_bartony_redo_400x400.jpg','US','2018-12-14 14:30:07',NULL,NULL),
(18870033,NULL,'18870033',NULL,NULL,'https://pbs.twimg.com/profile_images/892896331156541440/PjD3FUOE_400x400.jpg','gb','2018-12-14 14:30:07',NULL,NULL),
(19098792,NULL,'19098792',NULL,NULL,'https://pbs.twimg.com/profile_images/875442270924832770/ZNJxEiEh_400x400.jpg','us','2018-12-14 14:30:08',NULL,NULL),
(19106193,NULL,'19106193',NULL,NULL,'https://pbs.twimg.com/profile_images/967180756362711040/TN4Zr_Yg_400x400.jpg','GB','2018-12-14 14:30:08',NULL,NULL),
(19140447,NULL,'19140447',NULL,NULL,'https://pbs.twimg.com/profile_images/961903422944391169/pvWZQyLA_400x400.jpg','cn','2018-12-14 14:30:07',NULL,NULL),
(19289178,NULL,'19289178',NULL,NULL,'https://pbs.twimg.com/profile_images/484926641672433665/0C1UCrg1_400x400.jpeg','us','2018-12-14 14:30:07',NULL,NULL),
(19399038,NULL,'19399038',NULL,NULL,'https://pbs.twimg.com/profile_images/378800000833266807/9ed4b5e5bffc2e60da94913d51cbd666_400x400.png','gu','2018-12-14 14:30:08',NULL,NULL),
(19459596,NULL,'19459596',NULL,NULL,'https://pbs.twimg.com/profile_images/750053441708457984/yPLBypav_400x400.jpg','us','2018-12-14 14:30:07',NULL,NULL),
(19638302,NULL,'19638302',NULL,NULL,'https://pbs.twimg.com/profile_images/889311488510496769/48Zmg-ia_400x400.jpg','au','2018-12-14 14:30:07',NULL,NULL),
(19674395,NULL,'19674395',NULL,NULL,'https://pbs.twimg.com/profile_images/875409865660747776/PtRQu9XM_400x400.jpg','us','2018-12-14 14:30:07',NULL,NULL),
(19771382,NULL,'19771382',NULL,NULL,'https://pbs.twimg.com/profile_images/790782941257342976/nYqYOJ5__400x400.jpg','us','2018-12-14 14:30:08',NULL,NULL),
(19799373,NULL,'19799373',NULL,NULL,'https://pbs.twimg.com/profile_images/953337983532494848/StKrXboR_400x400.jpg','us','2018-12-14 14:30:07',NULL,NULL),
(19850894,NULL,'19850894',NULL,NULL,'https://pbs.twimg.com/profile_images/910245836138909696/-GWRMfkM_400x400.jpg','ES','2018-12-14 14:30:08',NULL,NULL),
(19916201,NULL,'19916201',NULL,NULL,'https://pbs.twimg.com/profile_images/816057430157115392/_m-YrSBK_400x400.jpg','US','2018-12-14 14:30:08',NULL,NULL),
(20038514,NULL,'20038514',NULL,NULL,'https://pbs.twimg.com/profile_images/958841712146698240/esHcIR1s_400x400.jpg','us','2018-12-14 14:30:07',NULL,NULL),
(20148675,NULL,'20148675',NULL,NULL,'https://pbs.twimg.com/profile_images/726050201757065216/FwDLPSvL_400x400.jpg','us','2018-12-14 14:30:07',NULL,NULL),
(20177010,NULL,'20177010',NULL,NULL,'https://pbs.twimg.com/profile_images/696725269630074880/QJZNY7Om_400x400.jpg','us','2018-12-14 14:30:08',NULL,NULL),
(20207761,NULL,'20207761',NULL,NULL,'https://pbs.twimg.com/profile_images/750386020277825536/F4oZ-8--_400x400.jpg','us','2018-12-14 14:30:08',NULL,NULL),
(20472850,NULL,'20472850',NULL,NULL,'https://pbs.twimg.com/profile_images/427834982015324161/0opUjXJP_400x400.jpeg','gb','2018-12-14 14:30:06',NULL,NULL),
(20720530,NULL,'20720530',NULL,NULL,'https://pbs.twimg.com/profile_images/659361512780374016/G3psVfV7_400x400.jpg','cl','2018-12-14 14:30:06',NULL,NULL),
(20729459,NULL,'20729459',NULL,NULL,'https://pbs.twimg.com/profile_images/3574112928/aaa5539e8f6e5d21dc2d765975d6da02_400x400.jpeg','us','2018-12-14 14:30:08',NULL,NULL),
(20831439,NULL,'20831439',NULL,NULL,'https://pbs.twimg.com/profile_images/929781965275795456/WJ1qSsc3_400x400.jpg','us','2018-12-14 14:30:07',NULL,NULL),
(20929393,NULL,'20929393',NULL,NULL,'https://pbs.twimg.com/profile_images/959806753029459968/tDIjOgxz_400x400.jpg','us','2018-12-14 14:30:07',NULL,NULL),
(21114659,NULL,'21114659',NULL,NULL,'https://pbs.twimg.com/profile_images/472450440747962369/mUbM-DPs_400x400.jpeg','us','2018-12-14 14:30:07',NULL,NULL),
(21159536,NULL,'21159536',NULL,NULL,'https://pbs.twimg.com/profile_images/968589363859910661/UwrSMxmN_400x400.jpg','us','2018-12-14 14:30:07',NULL,NULL),
(21191494,NULL,'21191494',NULL,NULL,'https://pbs.twimg.com/profile_images/753977269119574016/1JRvLmaE_400x400.jpg','gb','2018-12-14 14:30:07',NULL,NULL),
(21212604,NULL,'21212604',NULL,NULL,'https://pbs.twimg.com/profile_images/438017144320561152/ZXvfPWKa_400x400.png','ca','2018-12-14 14:30:07',NULL,NULL),
(21218607,NULL,'21218607',NULL,NULL,'https://pbs.twimg.com/profile_images/449222302169706497/asGCW12D_400x400.png','us','2018-12-14 14:30:07',NULL,NULL),
(21312484,NULL,'21312484',NULL,NULL,'https://pbs.twimg.com/profile_images/711988380616110080/Zu0ErhTv_400x400.jpg','us','2018-12-14 14:30:07',NULL,NULL),
(21505776,NULL,'21505776',NULL,NULL,'https://pbs.twimg.com/profile_images/2662683017/94ac844ced37ad85dc0382d51d018e70_400x400.jpeg','us','2018-12-14 14:30:08',NULL,NULL),
(21563704,NULL,'21563704',NULL,NULL,'https://pbs.twimg.com/profile_images/969555705559732224/pFZy7-Zh_400x400.jpg','ie','2018-12-14 14:30:08',NULL,NULL),
(21564446,NULL,'21564446',NULL,NULL,'https://pbs.twimg.com/profile_images/946402790846423040/GKW0NEHN_400x400.jpg','US','2018-12-14 14:30:07',NULL,NULL),
(21603555,NULL,'21603555',NULL,NULL,'https://pbs.twimg.com/profile_images/793612785921818624/Z93uJVty_400x400.jpg','us','2018-12-14 14:30:07',NULL,NULL),
(21793154,NULL,'21793154',NULL,NULL,'https://pbs.twimg.com/profile_images/1882320995/BSP_profile_image_white_400x400.jpg','us','2018-12-14 14:30:07',NULL,NULL),
(21884679,NULL,'21884679',NULL,NULL,'https://pbs.twimg.com/profile_images/948580154766516224/AqDsjQ2__400x400.jpg','us','2018-12-14 14:30:08',NULL,NULL),
(21925887,NULL,'21925887',NULL,NULL,'https://pbs.twimg.com/profile_images/878338326754996225/DauuY0W5_400x400.jpg','us','2018-12-14 14:30:06',NULL,NULL),
(22307579,NULL,'22307579',NULL,NULL,'https://pbs.twimg.com/profile_images/513169414607224832/gBn4soKd_400x400.jpeg','CA','2018-12-14 14:30:07',NULL,NULL),
(22308635,NULL,'22308635',NULL,NULL,'https://pbs.twimg.com/profile_images/864080779042631681/JZhrcd8I_400x400.jpg','in','2018-12-14 14:30:07',NULL,NULL),
(22334330,NULL,'22334330',NULL,NULL,'https://pbs.twimg.com/profile_images/922784619388424192/AdCHzolz_400x400.jpg','th','2018-12-14 14:30:07',NULL,NULL),
(22375126,NULL,'22375126',NULL,NULL,'https://pbs.twimg.com/profile_images/921930573236572160/X_S_t2z-_400x400.jpg','us','2018-12-14 14:30:08',NULL,NULL),
(22516489,NULL,'22516489',NULL,NULL,'https://pbs.twimg.com/profile_images/920992672247988226/E40RjKEA_400x400.jpg','us','2018-12-14 14:30:08',NULL,NULL),
(22783030,NULL,'22783030',NULL,NULL,'https://pbs.twimg.com/profile_images/949358062023962624/44RMz07w_400x400.jpg','us','2018-12-14 14:30:08',NULL,NULL),
(22890326,NULL,'22890326',NULL,NULL,'https://pbs.twimg.com/profile_images/933103374802677762/g_NU7vNV_400x400.jpg','us','2018-12-14 14:30:06',NULL,NULL),
(22926853,NULL,'22926853',NULL,NULL,'https://pbs.twimg.com/profile_images/811232882643664898/FlIZGXvS_400x400.jpg','us','2018-12-14 14:30:08',NULL,NULL),
(23094763,NULL,'23094763',NULL,NULL,'https://pbs.twimg.com/profile_images/899401578863570945/e8Gy9Hp1_400x400.jpg','us','2018-12-14 14:30:08',NULL,NULL),
(23100225,NULL,'23100225',NULL,NULL,'https://pbs.twimg.com/profile_images/631883755574173696/gFuZLBdT_400x400.jpg','gb','2018-12-14 14:30:07',NULL,NULL),
(23109598,NULL,'23109598',NULL,NULL,'https://pbs.twimg.com/profile_images/904466921596313600/9t6ldb94_400x400.jpg','gb','2018-12-14 14:30:08',NULL,NULL),
(23113050,NULL,'23113050',NULL,NULL,'https://pbs.twimg.com/profile_images/939463355659702272/U3KOw6ht_400x400.jpg','GB','2018-12-14 14:30:08',NULL,NULL),
(23268634,NULL,'23268634',NULL,NULL,'https://pbs.twimg.com/profile_images/941110423239012352/lu2yxlMF_400x400.jpg','us','2018-12-14 14:30:07',NULL,NULL),
(23436190,NULL,'23436190',NULL,NULL,'https://pbs.twimg.com/profile_images/723247464631951360/096r_N7M_400x400.jpg','us','2018-12-14 14:30:07',NULL,NULL),
(24029603,NULL,'24029603',NULL,NULL,'https://pbs.twimg.com/profile_images/950375319172734982/HtGrQuYp_400x400.jpg','GB','2018-12-14 14:30:06',NULL,NULL),
(24290265,NULL,'24290265',NULL,NULL,'https://pbs.twimg.com/profile_images/421267264088727552/4rsWMY0F_400x400.jpeg','us','2018-12-14 14:30:07',NULL,NULL),
(24655055,NULL,'24655055',NULL,NULL,'https://pbs.twimg.com/profile_images/581726897635213313/ZDwv88oh_400x400.jpg','US','2018-12-14 14:30:08',NULL,NULL),
(24990123,NULL,'24990123',NULL,NULL,'https://pbs.twimg.com/profile_images/908689360853327872/BbK1cijP_400x400.jpg','gb','2018-12-14 14:30:07',NULL,NULL),
(25002819,NULL,'25002819',NULL,NULL,'https://pbs.twimg.com/profile_images/893628254392864768/K-KbbtJO_400x400.jpg','us','2018-12-14 14:30:06',NULL,NULL),
(25155013,NULL,'25155013',NULL,NULL,'https://pbs.twimg.com/profile_images/928336148002308096/vZJgt1ba_400x400.jpg','ca','2018-12-14 14:30:06',NULL,NULL),
(25403750,NULL,'25403750',NULL,NULL,'https://pbs.twimg.com/profile_images/835384333753954304/nXVfqkDG_400x400.jpg','US','2018-12-14 14:30:07',NULL,NULL),
(25578220,NULL,'25578220',NULL,NULL,'https://pbs.twimg.com/profile_images/462288049678721026/9Y3MS9pL_400x400.jpeg','ca','2018-12-14 14:30:08',NULL,NULL),
(25601183,NULL,'25601183',NULL,NULL,'https://pbs.twimg.com/profile_images/957238150937677826/TxOlncnR_400x400.jpg','us','2018-12-14 14:30:08',NULL,NULL),
(25893575,NULL,'25893575',NULL,NULL,'https://pbs.twimg.com/profile_images/820440604152832000/jQy05uC9_400x400.jpg','us','2018-12-14 14:30:07',NULL,NULL),
(25965585,NULL,'25965585',NULL,NULL,'https://pbs.twimg.com/profile_images/902245242463674368/TMWG2FW6_400x400.jpg','us','2018-12-14 14:30:07',NULL,NULL),
(26143962,NULL,'26143962',NULL,NULL,'https://pbs.twimg.com/profile_images/1408783748/1_a_dad_pic_400x400.jpg','us','2018-12-14 14:30:07',NULL,NULL),
(26487169,NULL,'26487169',NULL,NULL,'https://pbs.twimg.com/profile_images/663851941571641344/OqqkE56l_400x400.jpg','us','2018-12-14 14:30:06',NULL,NULL),
(26566469,NULL,'26566469',NULL,NULL,'https://pbs.twimg.com/profile_images/425739067074945025/eACOd8r9_400x400.png','us','2018-12-14 14:30:06',NULL,NULL),
(26736333,NULL,'26736333',NULL,NULL,'https://pbs.twimg.com/profile_images/112392081/annie.avatar_400x400.JPG','US','2018-12-14 14:30:08',NULL,NULL),
(26877120,NULL,'26877120',NULL,NULL,'https://abs.twimg.com/sticky/default_profile_images/default_profile_400x400.png','US','2018-12-14 14:30:07',NULL,NULL),
(26980993,NULL,'26980993',NULL,NULL,'https://pbs.twimg.com/profile_images/859942413351223297/n2kj174J_400x400.jpg','us','2018-12-14 14:30:06',NULL,NULL),
(27431430,NULL,'27431430',NULL,NULL,'https://pbs.twimg.com/profile_images/861704655125921792/eyuxGzAs_400x400.jpg','us','2018-12-14 14:30:07',NULL,NULL),
(27652717,NULL,'27652717',NULL,NULL,'https://pbs.twimg.com/profile_images/900669341171056640/06pIS4h4_400x400.jpg','es','2018-12-14 14:30:07',NULL,NULL),
(27678466,NULL,'27678466',NULL,NULL,'https://pbs.twimg.com/profile_images/937764885601153025/bOgBsdU3_400x400.jpg','us','2018-12-14 14:30:06',NULL,NULL),
(27703866,NULL,'27703866',NULL,NULL,'https://pbs.twimg.com/profile_images/3061047449/a9d9bf5035c48a310f95754b186a90f3_400x400.jpeg','us','2018-12-14 14:30:08',NULL,NULL),
(27741349,NULL,'27741349',NULL,NULL,'https://pbs.twimg.com/profile_images/1829422861/RNS-twitter-avatar_400x400.png','us','2018-12-14 14:30:06',NULL,NULL),
(27961673,NULL,'27961673',NULL,NULL,'https://pbs.twimg.com/profile_images/730797028477915136/WuXjvb1b_400x400.jpg','us','2018-12-14 14:30:07',NULL,NULL),
(28212513,NULL,'28212513',NULL,NULL,'https://pbs.twimg.com/profile_images/896104027179687936/vc5zkLpM_400x400.jpg','us','2018-12-14 14:30:06',NULL,NULL),
(28350927,NULL,'28350927',NULL,NULL,'https://pbs.twimg.com/profile_images/856691407150489600/qR4LbD6F_400x400.jpg','us','2018-12-14 14:30:07',NULL,NULL),
(28740858,NULL,'28740858',NULL,NULL,'https://pbs.twimg.com/profile_images/920483698008608768/rV36-DmW_400x400.jpg','ch','2018-12-14 14:30:06',NULL,NULL),
(29382040,NULL,'29382040',NULL,NULL,'https://pbs.twimg.com/profile_images/898866813005647872/3XRGtd9R_400x400.jpg','US','2018-12-14 14:30:08',NULL,NULL),
(29620091,NULL,'29620091',NULL,NULL,'https://pbs.twimg.com/profile_images/925816754315649024/RnBW8kmt_400x400.jpg','us','2018-12-14 14:30:07',NULL,NULL),
(29726390,NULL,'29726390',NULL,NULL,'https://pbs.twimg.com/profile_images/572482702314455040/w_vkZajw_400x400.png','us','2018-12-14 14:30:07',NULL,NULL),
(30229837,NULL,'30229837',NULL,NULL,'https://pbs.twimg.com/profile_images/969584382951542785/T6KXxvyD_400x400.jpg','US','2018-12-14 14:30:06',NULL,NULL),
(30700854,NULL,'30700854',NULL,NULL,'https://pbs.twimg.com/profile_images/640570142624215041/l7wmiKCX_400x400.png','gb','2018-12-14 14:30:07',NULL,NULL),
(30805121,NULL,'30805121',NULL,NULL,'https://pbs.twimg.com/profile_images/780831634907996160/h3-6zKqt_400x400.jpg','us','2018-12-14 14:30:08',NULL,NULL),
(31005286,NULL,'31005286',NULL,NULL,'https://pbs.twimg.com/profile_images/949401898506887169/Y4GSN60w_400x400.jpg','us','2018-12-14 14:30:07',NULL,NULL),
(31255063,NULL,'31255063',NULL,NULL,'https://pbs.twimg.com/profile_images/1247295893/AgriVille_New_Image_400x400.JPG','ca','2018-12-14 14:30:06',NULL,NULL),
(31462548,NULL,'31462548',NULL,NULL,'https://pbs.twimg.com/profile_images/3719060425/8fe9deeec3cde371d7059d2072ef2cd6_400x400.jpeg','us','2018-12-14 14:30:07',NULL,NULL),
(31492093,NULL,'31492093',NULL,NULL,'https://pbs.twimg.com/profile_images/674702840804298752/4PSQ1UPq_400x400.jpg','us','2018-12-14 14:30:07',NULL,NULL),
(32680990,NULL,'32680990',NULL,NULL,'https://pbs.twimg.com/profile_images/918924887531560960/bIqtIub7_400x400.jpg','us','2018-12-14 14:30:08',NULL,NULL),
(32800302,NULL,'32800302',NULL,NULL,'https://pbs.twimg.com/profile_images/204079159/eratetwitterlogoNewJersey_400x400.png','us','2018-12-14 14:30:06',NULL,NULL),
(32800767,NULL,'32800767',NULL,NULL,'https://pbs.twimg.com/profile_images/3677508110/53a5f9738e733b746f710a011fb523e6_400x400.png','us','2018-12-14 14:30:07',NULL,NULL),
(33256849,NULL,'33256849',NULL,NULL,'https://pbs.twimg.com/profile_images/936707076558151680/J0Ix6F8G_400x400.jpg','us','2018-12-14 14:30:08',NULL,NULL),
(33410754,NULL,'33410754',NULL,NULL,'https://pbs.twimg.com/profile_images/838750234209566720/MR8npyFd_400x400.jpg','us','2018-12-14 14:30:07',NULL,NULL),
(34002725,NULL,'34002725',NULL,NULL,'https://pbs.twimg.com/profile_images/966332168174632960/Z1POJb9m_400x400.jpg','us','2018-12-14 14:30:07',NULL,NULL),
(34116023,NULL,'34116023',NULL,NULL,'https://pbs.twimg.com/profile_images/967030808702791680/oVasFx8F_400x400.jpg','us','2018-12-14 14:30:07',NULL,NULL),
(34713362,NULL,'34713362',NULL,NULL,'https://pbs.twimg.com/profile_images/714946924105883648/4fgNVF4H_400x400.jpg','us','2018-12-14 14:30:07',NULL,NULL),
(34771848,NULL,'34771848',NULL,NULL,'https://pbs.twimg.com/profile_images/786334650046095360/y5sKYG51_400x400.jpg','us','2018-12-14 14:30:06',NULL,NULL),
(34904693,NULL,'34904693',NULL,NULL,'https://pbs.twimg.com/profile_images/849538108701978624/P9tR8Q5d_400x400.jpg','gb','2018-12-14 14:30:06',NULL,NULL),
(35203319,NULL,'35203319',NULL,NULL,'https://pbs.twimg.com/profile_images/970057680357351424/3gAJ45UK_400x400.jpg','us','2018-12-14 14:30:07',NULL,NULL),
(35221306,NULL,'35221306',NULL,NULL,'https://pbs.twimg.com/profile_images/969239557995745281/IQYB_V2z_400x400.jpg','US','2018-12-14 14:30:07',NULL,NULL),
(35336511,NULL,'35336511',NULL,NULL,'https://pbs.twimg.com/profile_images/928690267607195649/7rgkZR8N_400x400.jpg','us','2018-12-14 14:30:08',NULL,NULL),
(35620289,NULL,'35620289',NULL,NULL,'https://pbs.twimg.com/profile_images/968120797951942657/h1HVyaes_400x400.jpg','us','2018-12-14 14:30:07',NULL,NULL),
(35685601,NULL,'35685601',NULL,NULL,'https://pbs.twimg.com/profile_images/970147015060463616/D0y7LVfG_400x400.jpg','us','2018-12-14 14:30:08',NULL,NULL),
(36060489,NULL,'36060489',NULL,NULL,'https://pbs.twimg.com/profile_images/951341689729437697/-imygocx_400x400.jpg','us','2018-12-14 14:30:07',NULL,NULL),
(36088631,NULL,'36088631',NULL,NULL,'https://pbs.twimg.com/profile_images/968988015233204227/jUchJMDg_400x400.jpg','GB','2018-12-14 14:30:06',NULL,NULL),
(36637379,NULL,'36637379',NULL,NULL,'https://pbs.twimg.com/profile_images/445741988034277376/W3FVCd_H_400x400.jpeg','us','2018-12-14 14:30:06',NULL,NULL),
(37029163,NULL,'37029163',NULL,NULL,'https://pbs.twimg.com/profile_images/922993251136823296/r2nmhXUA_400x400.jpg','US','2018-12-14 14:30:07',NULL,NULL),
(37098694,NULL,'37098694',NULL,NULL,'https://pbs.twimg.com/profile_images/884954641032773632/ILoo6mxQ_400x400.jpg','gu','2018-12-14 14:30:07',NULL,NULL),
(37924397,NULL,'37924397',NULL,NULL,'https://pbs.twimg.com/profile_images/782064314936995840/g_G5iBF__400x400.jpg','MY','2018-12-14 14:30:08',NULL,NULL),
(39273056,NULL,'39273056',NULL,NULL,'https://pbs.twimg.com/profile_images/698162551356526592/VBFwKVEq_400x400.jpg','US','2018-12-14 14:30:08',NULL,NULL),
(39702190,NULL,'39702190',NULL,NULL,'https://pbs.twimg.com/profile_images/756752931614027776/iVHmuhpy_400x400.jpg','US','2018-12-14 14:30:07',NULL,NULL),
(39743812,NULL,'39743812',NULL,NULL,'https://pbs.twimg.com/profile_images/813663483786989568/M_vF6Xwy_400x400.jpg','in','2018-12-14 14:30:06',NULL,NULL),
(39767105,NULL,'39767105',NULL,NULL,'https://pbs.twimg.com/profile_images/210128999/jony_the_400x400.JPG','PK','2018-12-14 14:30:07',NULL,NULL),
(39795556,NULL,'39795556',NULL,NULL,'https://pbs.twimg.com/profile_images/1234854877/Advocate_square_400x400.jpg','ca','2018-12-14 14:30:06',NULL,NULL),
(39975891,NULL,'39975891',NULL,NULL,'https://pbs.twimg.com/profile_images/754659468336570368/pfoj2viK_400x400.jpg','ca','2018-12-14 14:30:07',NULL,NULL),
(42226593,NULL,'42226593',NULL,NULL,'https://pbs.twimg.com/profile_images/937074127160082433/fG3QazXt_400x400.jpg','us','2018-12-14 14:30:08',NULL,NULL),
(42332253,NULL,'42332253',NULL,NULL,'https://pbs.twimg.com/profile_images/847795169189654528/t_bYEU-N_400x400.jpg','us','2018-12-14 14:30:08',NULL,NULL),
(43092107,NULL,'43092107',NULL,NULL,'https://pbs.twimg.com/profile_images/646596449145192448/AD5HVZuE_400x400.png','gb','2018-12-14 14:30:06',NULL,NULL),
(43358252,NULL,'43358252',NULL,NULL,'https://pbs.twimg.com/profile_images/542040223010414592/jfol-t5Q_400x400.png','us','2018-12-14 14:30:08',NULL,NULL),
(43589147,NULL,'43589147',NULL,NULL,'https://abs.twimg.com/sticky/default_profile_images/default_profile_400x400.png','gb','2018-12-14 14:30:08',NULL,NULL),
(44060322,NULL,'44060322',NULL,NULL,'https://pbs.twimg.com/profile_images/557552428006899712/PMttsGmx_400x400.png','us','2018-12-14 14:30:08',NULL,NULL),
(44421668,NULL,'44421668',NULL,NULL,'https://pbs.twimg.com/profile_images/963266714023510016/El0a8lC8_400x400.jpg','US','2018-12-14 14:30:07',NULL,NULL),
(45513396,NULL,'45513396',NULL,NULL,'https://pbs.twimg.com/profile_images/917887645513953281/D9UC_Ttf_400x400.jpg','US','2018-12-14 14:30:08',NULL,NULL),
(46065454,NULL,'46065454',NULL,NULL,'https://pbs.twimg.com/profile_images/554794065946886144/z2sK9e2A_400x400.png','au','2018-12-14 14:30:07',NULL,NULL),
(46153776,NULL,'46153776',NULL,NULL,'https://pbs.twimg.com/profile_images/643534747025715200/twuMMgmO_400x400.png','us','2018-12-14 14:30:07',NULL,NULL),
(46226279,NULL,'46226279',NULL,NULL,'https://pbs.twimg.com/profile_images/3383794704/42d19f5aa1d0de167c905d9ded9583bc_400x400.jpeg','us','2018-12-14 14:30:07',NULL,NULL),
(47279129,NULL,'47279129',NULL,NULL,'https://pbs.twimg.com/profile_images/893319460966342656/O5RqYdNb_400x400.jpg','ug','2018-12-14 14:30:07',NULL,NULL),
(47361456,NULL,'47361456',NULL,NULL,'https://pbs.twimg.com/profile_images/3124244969/460db4f1179d9c1821ab1da35d62b5c3_400x400.jpeg','US','2018-12-14 14:30:07',NULL,NULL),
(47496394,NULL,'47496394',NULL,NULL,'https://pbs.twimg.com/profile_images/965928195429142528/cbv3b9Yo_400x400.jpg','us','2018-12-14 14:30:07',NULL,NULL),
(47583332,NULL,'47583332',NULL,NULL,'https://pbs.twimg.com/profile_images/827329580922970112/5_lmTVY9_400x400.jpg','us','2018-12-14 14:30:08',NULL,NULL),
(48268624,NULL,'48268624',NULL,NULL,'https://pbs.twimg.com/profile_images/2292445517/dcmay5714otp5p60xiya_400x400.jpeg','au','2018-12-14 14:30:08',NULL,NULL),
(48747306,NULL,'48747306',NULL,NULL,'https://pbs.twimg.com/profile_images/876876439999598592/Cd7sQzrp_400x400.jpg','us','2018-12-14 14:30:08',NULL,NULL),
(49099638,NULL,'49099638',NULL,NULL,'https://pbs.twimg.com/profile_images/767463829416574981/r7mcrica_400x400.jpg','us','2018-12-14 14:30:08',NULL,NULL),
(49372147,NULL,'49372147',NULL,NULL,'https://pbs.twimg.com/profile_images/535245544956755968/Gr-P789b_400x400.jpeg','us','2018-12-14 14:30:08',NULL,NULL),
(49491544,NULL,'49491544',NULL,NULL,'https://pbs.twimg.com/profile_images/940043451076296704/aS21mZBn_400x400.jpg','us','2018-12-14 14:30:07',NULL,NULL),
(49989431,NULL,'49989431',NULL,NULL,'https://pbs.twimg.com/profile_images/2310415723/rfuqmkum3uswae0qqzo7_400x400.jpeg','ca','2018-12-14 14:30:07',NULL,NULL),
(50387814,NULL,'50387814',NULL,NULL,'https://pbs.twimg.com/profile_images/333185670/trueTwit_Twitter_400x400.png','us','2018-12-14 14:30:07',NULL,NULL),
(50593679,NULL,'50593679',NULL,NULL,'https://pbs.twimg.com/profile_images/511581691102507008/yvI1-YJy_400x400.png','gb','2018-12-14 14:30:07',NULL,NULL),
(51998397,NULL,'51998397',NULL,NULL,'https://pbs.twimg.com/profile_images/668413649900273664/ofZUS_GT_400x400.jpg','US','2018-12-14 14:30:07',NULL,NULL),
(52429763,NULL,'52429763',NULL,NULL,'https://pbs.twimg.com/profile_images/881805931230539776/K6YrSAAx_400x400.jpg','hk','2018-12-14 14:30:07',NULL,NULL),
(53111853,NULL,'53111853',NULL,NULL,'https://pbs.twimg.com/profile_images/303705280/Unitus_boxed_U_400x400.png','us','2018-12-14 14:30:08',NULL,NULL),
(54268258,NULL,'54268258',NULL,NULL,'https://pbs.twimg.com/profile_images/1852156385/HiRes_2713194650277_-_Copy_-_Copy_400x400.jpg','us','2018-12-14 14:30:08',NULL,NULL),
(57295470,NULL,'57295470',NULL,NULL,'https://pbs.twimg.com/profile_images/316326450/3_400x400.jpg','DK','2018-12-14 14:30:07',NULL,NULL),
(57736085,NULL,'57736085',NULL,NULL,'https://pbs.twimg.com/profile_images/963929482607431680/XaVh22Fr_400x400.jpg','GB','2018-12-14 14:30:07',NULL,NULL),
(58627467,NULL,'58627467',NULL,NULL,'https://pbs.twimg.com/profile_images/840939688785469442/qllZ-4I__400x400.jpg','CA','2018-12-14 14:30:08',NULL,NULL),
(58910194,NULL,'58910194',NULL,NULL,'https://pbs.twimg.com/profile_images/1719757298/bertrand_boulle_400x400.jpg','gi','2018-12-14 14:30:07',NULL,NULL),
(59147457,NULL,'59147457',NULL,NULL,'https://pbs.twimg.com/profile_images/948291019837030400/4Rm622qI_400x400.jpg','CA','2018-12-14 14:30:07',NULL,NULL),
(60840767,NULL,'60840767',NULL,NULL,'https://pbs.twimg.com/profile_images/765874400570773504/q2tnX0aN_400x400.jpg','pl','2018-12-14 14:30:07',NULL,NULL),
(63092355,NULL,'63092355',NULL,NULL,'https://pbs.twimg.com/profile_images/807158960813850624/anMZ3r-F_400x400.jpg','in','2018-12-14 14:30:06',NULL,NULL),
(64306543,NULL,'64306543',NULL,NULL,'https://pbs.twimg.com/profile_images/949018838124785664/0VH3g-rB_400x400.jpg','CA','2018-12-14 14:30:07',NULL,NULL),
(64906268,NULL,'64906268',NULL,NULL,'https://pbs.twimg.com/profile_images/822511067490185216/7v0SIROE_400x400.jpg','us','2018-12-14 14:30:07',NULL,NULL),
(64910538,NULL,'64910538',NULL,NULL,'https://pbs.twimg.com/profile_images/1105667255/DemwavesLogo_400x400.jpg','gy','2018-12-14 14:30:08',NULL,NULL),
(66587066,NULL,'66587066',NULL,NULL,'https://pbs.twimg.com/profile_images/2306601663/gx4x1n91dlpj8meu901c_400x400.jpeg','ec','2018-12-14 14:30:08',NULL,NULL),
(66907745,NULL,'66907745',NULL,NULL,'https://pbs.twimg.com/profile_images/924873152739471360/tsy9v7IE_400x400.jpg','au','2018-12-14 14:30:07',NULL,NULL),
(68961339,NULL,'68961339',NULL,NULL,'https://pbs.twimg.com/profile_images/806634499672973312/Mti_qZ_O_400x400.jpg','au','2018-12-14 14:30:07',NULL,NULL),
(69377338,NULL,'69377338',NULL,NULL,'https://pbs.twimg.com/profile_images/912170326657658881/ryYWHlnv_400x400.jpg','mx','2018-12-14 14:30:06',NULL,NULL),
(70536071,NULL,'70536071',NULL,NULL,'https://pbs.twimg.com/profile_images/883374447805202432/QpagDOFf_400x400.jpg','us','2018-12-14 14:30:07',NULL,NULL),
(71748831,NULL,'71748831',NULL,NULL,'https://pbs.twimg.com/profile_images/849915645722378240/U3vga01-_400x400.jpg','cn','2018-12-14 14:30:06',NULL,NULL),
(72197932,NULL,'72197932',NULL,NULL,'https://pbs.twimg.com/profile_images/924351861791920128/arWjZLog_400x400.jpg','AU','2018-12-14 14:30:07',NULL,NULL),
(72277004,NULL,'72277004',NULL,NULL,'https://pbs.twimg.com/profile_images/551793405811245056/ekbD_cVI_400x400.jpeg','jm','2018-12-14 14:30:07',NULL,NULL),
(73677694,NULL,'73677694',NULL,NULL,'https://pbs.twimg.com/profile_images/826843299075940353/86EYuWga_400x400.jpg','mx','2018-12-14 14:30:06',NULL,NULL),
(74550977,NULL,'74550977',NULL,NULL,'https://pbs.twimg.com/profile_images/936218886109724672/T-Dj55Xl_400x400.jpg','us','2018-12-14 14:30:07',NULL,NULL),
(75924845,NULL,'75924845',NULL,NULL,'https://pbs.twimg.com/profile_images/674032066149793792/1okNJlwF_400x400.jpg','US','2018-12-14 14:30:07',NULL,NULL),
(76133687,NULL,'76133687',NULL,NULL,'https://pbs.twimg.com/profile_images/610485405431939073/nsKqfVVL_400x400.jpg','US','2018-12-14 14:30:07',NULL,NULL),
(76756892,NULL,'76756892',NULL,NULL,'https://pbs.twimg.com/profile_images/845292633/profile_400x400.jpg','gb','2018-12-14 14:30:07',NULL,NULL),
(78199731,NULL,'78199731',NULL,NULL,'https://pbs.twimg.com/profile_images/724696948108865537/zku0DUpk_400x400.jpg','us','2018-12-14 14:30:06',NULL,NULL),
(79202946,NULL,'79202946',NULL,NULL,'https://pbs.twimg.com/profile_images/1247883335/d3_400x400.png','us','2018-12-14 14:30:07',NULL,NULL),
(80205569,NULL,'80205569',NULL,NULL,'https://pbs.twimg.com/profile_images/969026886499209216/SyimiEDf_400x400.jpg','us','2018-12-14 14:30:07',NULL,NULL),
(80464425,NULL,'80464425',NULL,NULL,'https://pbs.twimg.com/profile_images/966356993127665664/vbhzi8iN_400x400.jpg','US','2018-12-14 14:30:07',NULL,NULL),
(81136269,NULL,'81136269',NULL,NULL,'https://pbs.twimg.com/profile_images/543502394466631680/nujXyCLm_400x400.png','gb','2018-12-14 14:30:07',NULL,NULL),
(81653032,NULL,'81653032',NULL,NULL,'https://pbs.twimg.com/profile_images/941081839824863232/7moasxqx_400x400.jpg','us','2018-12-14 14:30:08',NULL,NULL),
(82056031,NULL,'82056031',NULL,NULL,'https://pbs.twimg.com/profile_images/936916868199096321/TYU51UAr_400x400.jpg','id','2018-12-14 14:30:07',NULL,NULL),
(82269120,NULL,'82269120',NULL,NULL,'https://pbs.twimg.com/profile_images/1137340307/IMG00030-20091118-1701_400x400.jpg','us','2018-12-14 14:30:07',NULL,NULL),
(83688419,NULL,'83688419',NULL,NULL,'https://pbs.twimg.com/profile_images/3622633579/eefc634b8204c65edd568414680b783d_400x400.jpeg','us','2018-12-14 14:30:06',NULL,NULL),
(84373264,NULL,'84373264',NULL,NULL,'https://pbs.twimg.com/profile_images/844027955344891905/tmmJ7a1Y_400x400.jpg','US','2018-12-14 14:30:08',NULL,NULL),
(85007665,NULL,'85007665',NULL,NULL,'https://pbs.twimg.com/profile_images/908400218995023872/Hi6t-sRQ_400x400.jpg','us','2018-12-14 14:30:08',NULL,NULL),
(86141342,NULL,'86141342',NULL,NULL,'https://pbs.twimg.com/profile_images/875407557862543362/aLb2pZIS_400x400.jpg','us','2018-12-14 14:30:07',NULL,NULL),
(87032917,NULL,'87032917',NULL,NULL,'https://pbs.twimg.com/profile_images/885108522391830528/wYXKCEJE_400x400.jpg','ua','2018-12-14 14:30:07',NULL,NULL),
(87313007,NULL,'87313007',NULL,NULL,'https://pbs.twimg.com/profile_images/716506084333240320/6FMZ0bjW_400x400.jpg','us','2018-12-14 14:30:07',NULL,NULL),
(87920977,NULL,'87920977',NULL,NULL,'https://pbs.twimg.com/profile_images/931099134345478144/8EEC5H-P_400x400.jpg','je','2018-12-14 14:30:08',NULL,NULL),
(88038897,NULL,'88038897',NULL,NULL,'https://pbs.twimg.com/profile_images/474653551482793984/-JFpDT3S_400x400.jpeg','US','2018-12-14 14:30:07',NULL,NULL),
(88252860,NULL,'88252860',NULL,NULL,'https://pbs.twimg.com/profile_images/720497934761095169/Tlsp1mdC_400x400.jpg','GB','2018-12-14 14:30:08',NULL,NULL),
(91478624,NULL,'91478624',NULL,NULL,'https://pbs.twimg.com/profile_images/882603270484766720/YFx4Lsh4_400x400.jpg','us','2018-12-14 14:30:06',NULL,NULL),
(92017934,NULL,'92017934',NULL,NULL,'https://pbs.twimg.com/profile_images/838995901104336897/Yk_uf34g_400x400.jpg','US','2018-12-14 14:30:07',NULL,NULL),
(93341319,NULL,'93341319',NULL,NULL,'https://pbs.twimg.com/profile_images/711663375407665152/D0HEWypY_400x400.jpg','us','2018-12-14 14:30:06',NULL,NULL),
(93388414,NULL,'93388414',NULL,NULL,'https://pbs.twimg.com/profile_images/601819325855453184/QyQfofjc_400x400.jpg','IN','2018-12-14 14:30:08',NULL,NULL),
(93688944,NULL,'93688944',NULL,NULL,'https://pbs.twimg.com/profile_images/945949712259018754/tYguTAIa_400x400.jpg','MY','2018-12-14 14:30:06',NULL,NULL),
(94133613,NULL,'94133613',NULL,NULL,'https://pbs.twimg.com/profile_images/555308433/avataar_400x400.gif','in','2018-12-14 14:30:07',NULL,NULL),
(94215105,NULL,'94215105',NULL,NULL,'https://pbs.twimg.com/profile_images/960163143619170304/9BnTGAYS_400x400.jpg','us','2018-12-14 14:30:07',NULL,NULL),
(95888725,NULL,'95888725',NULL,NULL,'https://pbs.twimg.com/profile_images/702612820094029824/JUfX9736_400x400.jpg','gb','2018-12-14 14:30:07',NULL,NULL),
(96055024,NULL,'96055024',NULL,NULL,'https://pbs.twimg.com/profile_images/825297434154725377/EOGKPt9x_400x400.jpg','US','2018-12-14 14:30:06',NULL,NULL),
(96232528,NULL,'96232528',NULL,NULL,'https://pbs.twimg.com/profile_images/873949516042571776/9pSWPWd3_400x400.jpg','CA','2018-12-14 14:30:08',NULL,NULL),
(96295048,NULL,'96295048',NULL,NULL,'https://pbs.twimg.com/profile_images/914614730978992129/4fmzesgB_400x400.jpg','GB','2018-12-14 14:30:06',NULL,NULL),
(97459853,NULL,'97459853',NULL,NULL,'https://pbs.twimg.com/profile_images/520037923446456320/ytsydJV-_400x400.jpeg','us','2018-12-14 14:30:08',NULL,NULL),
(97493220,NULL,'97493220',NULL,NULL,'https://pbs.twimg.com/profile_images/859087355126452225/pRRQZ2QK_400x400.jpg','GB','2018-12-14 14:30:08',NULL,NULL),
(100035920,NULL,'100035920',NULL,NULL,'https://pbs.twimg.com/profile_images/962044994050670592/TJkk1JID_400x400.jpg','us','2018-12-14 14:30:08',NULL,NULL),
(100245906,NULL,'100245906',NULL,NULL,'https://pbs.twimg.com/profile_images/520647758370201601/M-wqpMrM_400x400.png','us','2018-12-14 14:30:06',NULL,NULL),
(100536539,NULL,'100536539',NULL,NULL,'https://pbs.twimg.com/profile_images/802049800405299200/FlPO-DEa_400x400.jpg','us','2018-12-14 14:30:07',NULL,NULL),
(100683705,NULL,'100683705',NULL,NULL,'https://pbs.twimg.com/profile_images/926159013926064128/3Zqfj8Fg_400x400.jpg','ES','2018-12-14 14:30:06',NULL,NULL),
(100797020,NULL,'100797020',NULL,NULL,'https://pbs.twimg.com/profile_images/727166794692222976/TwwrFLpP_400x400.jpg','US','2018-12-14 14:30:07',NULL,NULL),
(101049181,NULL,'101049181',NULL,NULL,'https://pbs.twimg.com/profile_images/768804668407414785/Lu8KAtLw_400x400.jpg','gb','2018-12-14 14:30:06',NULL,NULL),
(102454279,NULL,'102454279',NULL,NULL,'https://pbs.twimg.com/profile_images/781438768/MILLMSGR_400x400.JPG','us','2018-12-14 14:30:07',NULL,NULL),
(102542969,NULL,'102542969',NULL,NULL,'https://pbs.twimg.com/profile_images/3536767492/d39bb3954774707669ae999e8d7c4801_400x400.jpeg','us','2018-12-14 14:30:06',NULL,NULL),
(103216375,NULL,'103216375',NULL,NULL,'https://pbs.twimg.com/profile_images/924512001258344448/qmaUB1di_400x400.jpg','us','2018-12-14 14:30:08',NULL,NULL),
(104570324,NULL,'104570324',NULL,NULL,'https://pbs.twimg.com/profile_images/961254733452279808/Q8ZVkL2c_400x400.jpg','us','2018-12-14 14:30:08',NULL,NULL),
(104790170,NULL,'104790170',NULL,NULL,'https://pbs.twimg.com/profile_images/898373885896179712/7gPcbf6z_400x400.jpg','US','2018-12-14 14:30:07',NULL,NULL),
(105720074,NULL,'105720074',NULL,NULL,'https://pbs.twimg.com/profile_images/956038166699499520/gQOQjC7b_400x400.jpg','ae','2018-12-14 14:30:08',NULL,NULL),
(106715844,NULL,'106715844',NULL,NULL,'https://pbs.twimg.com/profile_images/929413188629786624/lCmm6a8u_400x400.jpg','GB','2018-12-14 14:30:07',NULL,NULL),
(111420429,NULL,'111420429',NULL,NULL,'https://pbs.twimg.com/profile_images/933754221257723904/OPVfNgZG_400x400.jpg','us','2018-12-14 14:30:07',NULL,NULL),
(111734966,NULL,'111734966',NULL,NULL,'https://pbs.twimg.com/profile_images/885653115105677313/sBT-WY3-_400x400.jpg','us','2018-12-14 14:30:08',NULL,NULL),
(112090068,NULL,'112090068',NULL,NULL,'https://pbs.twimg.com/profile_images/840616962350800900/Wkcf10Uo_400x400.jpg','us','2018-12-14 14:30:06',NULL,NULL),
(113084080,NULL,'113084080',NULL,NULL,'https://pbs.twimg.com/profile_images/524107941608058881/pghFoWrp_400x400.png','ch','2018-12-14 14:30:08',NULL,NULL),
(113488773,NULL,'113488773',NULL,NULL,'https://pbs.twimg.com/profile_images/378800000524997411/54d0e11935ae512f86e5a972060d3a00_400x400.png','us','2018-12-14 14:30:08',NULL,NULL),
(114049072,NULL,'114049072',NULL,NULL,'https://pbs.twimg.com/profile_images/757946066306228224/o7yqubHN_400x400.jpg','us','2018-12-14 14:30:07',NULL,NULL),
(114274155,NULL,'114274155',NULL,NULL,'https://pbs.twimg.com/profile_images/695749049/877_400x400.gif','US','2018-12-14 14:30:07',NULL,NULL),
(116142622,NULL,'116142622',NULL,NULL,'https://pbs.twimg.com/profile_images/603821091727933440/rOBBc1rn_400x400.jpg','au','2018-12-14 14:30:06',NULL,NULL),
(121370906,NULL,'121370906',NULL,NULL,'https://pbs.twimg.com/profile_images/2548131451/c3lr9fmwmzx57kdclugi_400x400.jpeg','be','2018-12-14 14:30:07',NULL,NULL),
(124071816,NULL,'124071816',NULL,NULL,'https://pbs.twimg.com/profile_images/980629529/Professional_Headshots_001_400x400.jpg','ie','2018-12-14 14:30:06',NULL,NULL),
(124106450,NULL,'124106450',NULL,NULL,'https://pbs.twimg.com/profile_images/897353379839565824/iCYSC9HL_400x400.jpg','sg','2018-12-14 14:30:07',NULL,NULL),
(124290595,NULL,'124290595',NULL,NULL,'https://pbs.twimg.com/profile_images/903691001637765120/pUH0R8Mz_400x400.jpg','us','2018-12-14 14:30:07',NULL,NULL),
(127401733,NULL,'127401733',NULL,NULL,'https://pbs.twimg.com/profile_images/936038634393882625/xtWh2CWR_400x400.jpg','US','2018-12-14 14:30:08',NULL,NULL),
(128694692,NULL,'128694692',NULL,NULL,'https://pbs.twimg.com/profile_images/870346368862175232/r_e0zTh8_400x400.jpg','us','2018-12-14 14:30:06',NULL,NULL),
(129019194,NULL,'129019194',NULL,NULL,'https://pbs.twimg.com/profile_images/956246024850309120/Z5y-gnm0_400x400.jpg','us','2018-12-14 14:30:07',NULL,NULL),
(129036631,NULL,'129036631',NULL,NULL,'https://pbs.twimg.com/profile_images/1785394703/b18_400x400.jpg','us','2018-12-14 14:30:07',NULL,NULL),
(129907525,NULL,'129907525',NULL,NULL,'https://pbs.twimg.com/profile_images/469158417404133377/x3AMWvhH_400x400.png','ec','2018-12-14 14:30:08',NULL,NULL),
(130833991,NULL,'130833991',NULL,NULL,'https://pbs.twimg.com/profile_images/966412053589061633/QdKwCZuT_400x400.jpg','ca','2018-12-14 14:30:07',NULL,NULL),
(133436012,NULL,'133436012',NULL,NULL,'https://pbs.twimg.com/profile_images/690618964867678212/JUjkd2u9_400x400.jpg','us','2018-12-14 14:30:07',NULL,NULL),
(133527807,NULL,'133527807',NULL,NULL,'https://pbs.twimg.com/profile_images/2249413577/phpbgE3QqAM_400x400.jpg','us','2018-12-14 14:30:07',NULL,NULL),
(133694713,NULL,'133694713',NULL,NULL,'https://pbs.twimg.com/profile_images/960311236364853248/LCSyU1Dd_400x400.jpg','gb','2018-12-14 14:30:07',NULL,NULL),
(133793696,NULL,'133793696',NULL,NULL,'https://pbs.twimg.com/profile_images/2172998794/images_400x400.jpg','us','2018-12-14 14:30:06',NULL,NULL),
(136059181,NULL,'136059181',NULL,NULL,'https://pbs.twimg.com/profile_images/794871711770382338/_FkBFrqG_400x400.jpg','gb','2018-12-14 14:30:07',NULL,NULL),
(136161105,NULL,'136161105',NULL,NULL,'https://pbs.twimg.com/profile_images/944051257861214208/kF9OTYfW_400x400.jpg','us','2018-12-14 14:30:06',NULL,NULL),
(138111296,NULL,'138111296',NULL,NULL,'https://pbs.twimg.com/profile_images/858070006/G_400x400.png','us','2018-12-14 14:30:08',NULL,NULL),
(138915622,NULL,'138915622',NULL,NULL,'https://pbs.twimg.com/profile_images/1558541273/sjp-pic-2-small_400x400.jpg','hk','2018-12-14 14:30:06',NULL,NULL),
(139568724,NULL,'139568724',NULL,NULL,'https://pbs.twimg.com/profile_images/378800000609096231/d4ae9746151d6913b809bf4a07a6d414_400x400.png','jp','2018-12-14 14:30:07',NULL,NULL),
(141046209,NULL,'141046209',NULL,NULL,'https://pbs.twimg.com/profile_images/858551749497454592/LHLkwsg5_400x400.jpg','us','2018-12-14 14:30:06',NULL,NULL),
(144548501,NULL,'144548501',NULL,NULL,'https://pbs.twimg.com/profile_images/945431193591451649/L2xoN5SN_400x400.jpg','gb','2018-12-14 14:30:07',NULL,NULL),
(144909618,NULL,'144909618',NULL,NULL,'https://pbs.twimg.com/profile_images/884918238165053440/YkV--8Bg_400x400.jpg','us','2018-12-14 14:30:06',NULL,NULL),
(146107827,NULL,'146107827',NULL,NULL,'https://pbs.twimg.com/profile_images/803370839546691584/Jw99rTiB_400x400.jpg','ca','2018-12-14 14:30:08',NULL,NULL),
(148061457,NULL,'148061457',NULL,NULL,'https://pbs.twimg.com/profile_images/799407201030967298/1UnsXIzI_400x400.jpg','us','2018-12-14 14:30:07',NULL,NULL),
(149763376,NULL,'149763376',NULL,NULL,'https://pbs.twimg.com/profile_images/966247433243123713/N4LRjKR3_400x400.jpg','US','2018-12-14 14:30:07',NULL,NULL),
(151314429,NULL,'151314429',NULL,NULL,'https://pbs.twimg.com/profile_images/897611100119760896/O9c_eqiQ_400x400.jpg','US','2018-12-14 14:30:06',NULL,NULL),
(154196061,NULL,'154196061',NULL,NULL,'https://pbs.twimg.com/profile_images/969638128687435777/W4GI2BTT_400x400.jpg','us','2018-12-14 14:30:06',NULL,NULL),
(159645163,NULL,'159645163',NULL,NULL,'https://pbs.twimg.com/profile_images/2408485492/342952440_400x400.jpg','gb','2018-12-14 14:30:06',NULL,NULL),
(160039978,NULL,'160039978',NULL,NULL,'https://pbs.twimg.com/profile_images/848623609434312709/fOSBFpXd_400x400.jpg','us','2018-12-14 14:30:07',NULL,NULL),
(161018089,NULL,'161018089',NULL,NULL,'https://pbs.twimg.com/profile_images/496745097862447105/i3dZjiA1_400x400.jpeg','ca','2018-12-14 14:30:07',NULL,NULL),
(161415195,NULL,'161415195',NULL,NULL,'https://pbs.twimg.com/profile_images/459301161925754882/pnMx75nO_400x400.jpeg','us','2018-12-14 14:30:07',NULL,NULL),
(163993336,NULL,'163993336',NULL,NULL,'https://pbs.twimg.com/profile_images/712828840309993472/XodTm1yG_400x400.jpg','us','2018-12-14 14:30:07',NULL,NULL),
(164342620,NULL,'164342620',NULL,NULL,'https://pbs.twimg.com/profile_images/1259807675/Brent_Cross_composite_1__400x400.jpg','gb','2018-12-14 14:30:06',NULL,NULL),
(164511669,NULL,'164511669',NULL,NULL,'https://pbs.twimg.com/profile_images/953929893418446848/CipZOrwO_400x400.jpg','kr','2018-12-14 14:30:07',NULL,NULL),
(166185604,NULL,'166185604',NULL,NULL,'https://pbs.twimg.com/profile_images/2561596838/kb9xkdo50vcr5akh7tnc_400x400.png','us','2018-12-14 14:30:08',NULL,NULL),
(166528873,NULL,'166528873',NULL,NULL,'https://pbs.twimg.com/profile_images/1409439108/twitter_ein_profile_400x400.png','us','2018-12-14 14:30:08',NULL,NULL),
(166531421,NULL,'166531421',NULL,NULL,'https://pbs.twimg.com/profile_images/2558687809/zl6lmgrk7d7ssyegivmz_400x400.png','us','2018-12-14 14:30:08',NULL,NULL),
(166533202,NULL,'166533202',NULL,NULL,'https://pbs.twimg.com/profile_images/1409407821/twitter_ein_profile_400x400.png','us','2018-12-14 14:30:08',NULL,NULL),
(166554462,NULL,'166554462',NULL,NULL,'https://pbs.twimg.com/profile_images/2558710021/ju6l9pba527ncuhef30a_400x400.png','us','2018-12-14 14:30:08',NULL,NULL),
(166558126,NULL,'166558126',NULL,NULL,'https://pbs.twimg.com/profile_images/2561565072/oe4jf3q8zwl23n8gf9ib_400x400.png','us','2018-12-14 14:30:08',NULL,NULL),
(166560970,NULL,'166560970',NULL,NULL,'https://pbs.twimg.com/profile_images/2558680566/vcqt4si5vxi2xlxusrg2_400x400.png','us','2018-12-14 14:30:07',NULL,NULL),
(166597535,NULL,'166597535',NULL,NULL,'https://pbs.twimg.com/profile_images/2558708637/ilrtziuqe12uuw8wrunb_400x400.png','us','2018-12-14 14:30:08',NULL,NULL),
(166599409,NULL,'166599409',NULL,NULL,'https://pbs.twimg.com/profile_images/2558518018/n9e7kwsdq3ic19stqpwe_400x400.png','us','2018-12-14 14:30:07',NULL,NULL),
(166601446,NULL,'166601446',NULL,NULL,'https://pbs.twimg.com/profile_images/2561580373/4bfsbgbjfe4v93f9yeog_400x400.png','us','2018-12-14 14:30:08',NULL,NULL),
(166602776,NULL,'166602776',NULL,NULL,'https://pbs.twimg.com/profile_images/2561586492/xj9xr5pepuf8l5faymfe_400x400.png','us','2018-12-14 14:30:08',NULL,NULL),
(169670184,NULL,'169670184',NULL,NULL,'https://pbs.twimg.com/profile_images/908525320453578752/MSRSXTO1_400x400.png','fi','2018-12-14 14:30:06',NULL,NULL),
(169853780,NULL,'169853780',NULL,NULL,'https://pbs.twimg.com/profile_images/833381246831099905/4q5aD8_f_400x400.jpg','us','2018-12-14 14:30:07',NULL,NULL),
(171502519,NULL,'171502519',NULL,NULL,'https://pbs.twimg.com/profile_images/961640375185223680/UaZhlIH-_400x400.jpg','US','2018-12-14 14:30:08',NULL,NULL),
(176549658,NULL,'176549658',NULL,NULL,'https://pbs.twimg.com/profile_images/1119290414/mypicture_400x400.jpg','IN','2018-12-14 14:30:07',NULL,NULL),
(177543335,NULL,'177543335',NULL,NULL,'https://pbs.twimg.com/profile_images/1840762834/yin_yang_tree_400x400.png','au','2018-12-14 14:30:08',NULL,NULL),
(178779512,NULL,'178779512',NULL,NULL,'https://pbs.twimg.com/profile_images/464417041827385344/TApCKrOD_400x400.jpeg','lb','2018-12-14 14:30:07',NULL,NULL),
(182840025,NULL,'182840025',NULL,NULL,'https://pbs.twimg.com/profile_images/789488471589130240/6rHOydd2_400x400.jpg','us','2018-12-14 14:30:08',NULL,NULL),
(183339061,NULL,'183339061',NULL,NULL,'https://pbs.twimg.com/profile_images/473971383278383104/n66oHG6Q_400x400.png','us','2018-12-14 14:30:07',NULL,NULL),
(185027140,NULL,'185027140',NULL,NULL,'https://pbs.twimg.com/profile_images/868139044181598209/_W5GcIUK_400x400.jpg','ec','2018-12-14 14:30:06',NULL,NULL),
(185717774,NULL,'185717774',NULL,NULL,'https://pbs.twimg.com/profile_images/822910243172536320/VXNDGtc6_400x400.jpg','us','2018-12-14 14:30:07',NULL,NULL),
(186506052,NULL,'186506052',NULL,NULL,'https://pbs.twimg.com/profile_images/945405192643719168/IePKj0Ut_400x400.jpg','us','2018-12-14 14:30:07',NULL,NULL),
(186648641,NULL,'186648641',NULL,NULL,'https://pbs.twimg.com/profile_images/886937329709064192/vzfljVsi_400x400.jpg','at','2018-12-14 14:30:07',NULL,NULL),
(188183620,NULL,'188183620',NULL,NULL,'https://pbs.twimg.com/profile_images/756239911687192577/pprDb3ZX_400x400.jpg','us','2018-12-14 14:30:07',NULL,NULL),
(188494308,NULL,'188494308',NULL,NULL,'https://pbs.twimg.com/profile_images/913857996953964544/TFZn2_bj_400x400.jpg','es','2018-12-14 14:30:07',NULL,NULL),
(188560775,NULL,'188560775',NULL,NULL,'https://pbs.twimg.com/profile_images/707041289980747776/t0L64A5v_400x400.jpg','ve','2018-12-14 14:30:08',NULL,NULL),
(190956129,NULL,'190956129',NULL,NULL,'https://pbs.twimg.com/profile_images/1124168186/Green_Technologies_400x400.jpg','us','2018-12-14 14:30:08',NULL,NULL),
(191388674,NULL,'191388674',NULL,NULL,'https://pbs.twimg.com/profile_images/2558670813/jo5urs7h0eldlpdpueac_400x400.png','us','2018-12-14 14:30:07',NULL,NULL),
(191615657,NULL,'191615657',NULL,NULL,'https://pbs.twimg.com/profile_images/944706454954668037/K8B-0YIE_400x400.jpg','GB','2018-12-14 14:30:08',NULL,NULL),
(192659552,NULL,'192659552',NULL,NULL,'https://pbs.twimg.com/profile_images/1129854074/ChimpThinks_400x400.jpg','ca','2018-12-14 14:30:08',NULL,NULL),
(193168799,NULL,'193168799',NULL,NULL,'https://pbs.twimg.com/profile_images/562481964821663745/vrSJ6nsW_400x400.png','ke','2018-12-14 14:30:06',NULL,NULL),
(195233755,NULL,'195233755',NULL,NULL,'https://pbs.twimg.com/profile_images/1131416862/image_400x400.jpg','US','2018-12-14 14:30:08',NULL,NULL),
(199733042,NULL,'199733042',NULL,NULL,'https://pbs.twimg.com/profile_images/962393428117073921/ET50XWZP_400x400.jpg','us','2018-12-14 14:30:08',NULL,NULL),
(205013813,NULL,'205013813',NULL,NULL,'https://pbs.twimg.com/profile_images/759270491471351808/jPFPQXeU_400x400.jpg','th','2018-12-14 14:30:08',NULL,NULL),
(210050479,NULL,'210050479',NULL,NULL,'https://pbs.twimg.com/profile_images/729788779012165633/-2Hf6QMB_400x400.jpg','US','2018-12-14 14:30:06',NULL,NULL),
(210566577,NULL,'210566577',NULL,NULL,'https://pbs.twimg.com/profile_images/2931115035/3d541178fa4f61122f1466f06bc4d4e0_400x400.jpeg','ng','2018-12-14 14:30:06',NULL,NULL),
(211610335,NULL,'211610335',NULL,NULL,'https://pbs.twimg.com/profile_images/746467971665530881/ilRG-t9G_400x400.jpg','gu','2018-12-14 14:30:07',NULL,NULL),
(212573765,NULL,'212573765',NULL,NULL,'https://pbs.twimg.com/profile_images/952337255544233989/q5MozZPZ_400x400.jpg','ru','2018-12-14 14:30:06',NULL,NULL),
(213339721,NULL,'213339721',NULL,NULL,'https://pbs.twimg.com/profile_images/1164716874/favicon-triada-azul_400x400.png','be','2018-12-14 14:30:07',NULL,NULL),
(214963057,NULL,'214963057',NULL,NULL,'https://pbs.twimg.com/profile_images/963468867807756288/hfFMw9d-_400x400.jpg','br','2018-12-14 14:30:07',NULL,NULL),
(215415717,NULL,'215415717',NULL,NULL,'https://pbs.twimg.com/profile_images/1187127379/petrus_portret_normal','nl','2018-12-14 14:30:08',NULL,NULL),
(215581580,NULL,'215581580',NULL,NULL,'https://pbs.twimg.com/profile_images/678529526318632960/04XUvsot_400x400.jpg','fr','2018-12-14 14:30:07',NULL,NULL),
(218620516,NULL,'218620516',NULL,NULL,'https://pbs.twimg.com/profile_images/884002929610502144/scsVkt-Y_400x400.jpg','gb','2018-12-14 14:30:08',NULL,NULL),
(223698448,NULL,'223698448',NULL,NULL,'https://pbs.twimg.com/profile_images/804075524532424714/AQr0vvTJ_400x400.jpg','VE','2018-12-14 14:30:06',NULL,NULL),
(224462350,NULL,'224462350',NULL,NULL,'https://pbs.twimg.com/profile_images/880623135627890689/YOi19if1_400x400.jpg','VE','2018-12-14 14:30:07',NULL,NULL),
(224491023,NULL,'224491023',NULL,NULL,'https://pbs.twimg.com/profile_images/571091764325269504/aNxB50dq_400x400.jpeg','th','2018-12-14 14:30:07',NULL,NULL),
(229749667,NULL,'229749667',NULL,NULL,'https://pbs.twimg.com/profile_images/1196963466/brakhageframe_400x400.jpg','is','2018-12-14 14:30:07',NULL,NULL),
(229848310,NULL,'229848310',NULL,NULL,'https://pbs.twimg.com/profile_images/1735304342/000056m_400x400.jpg','us','2018-12-14 14:30:08',NULL,NULL),
(230577906,NULL,'230577906',NULL,NULL,'https://pbs.twimg.com/profile_images/948006047695769600/k4BA-q1Z_400x400.jpg','us','2018-12-14 14:30:07',NULL,NULL),
(231260020,NULL,'231260020',NULL,NULL,'https://pbs.twimg.com/profile_images/808832630015700993/RScZanwM_400x400.jpg','us','2018-12-14 14:30:06',NULL,NULL),
(231541032,NULL,'231541032',NULL,NULL,'https://pbs.twimg.com/profile_images/1395533854/SPN_0031_400x400.jpg','US','2018-12-14 14:30:06',NULL,NULL),
(232450395,NULL,'232450395',NULL,NULL,'https://pbs.twimg.com/profile_images/765930516977750021/Bu2hOERn_400x400.jpg','us','2018-12-14 14:30:07',NULL,NULL),
(233801878,NULL,'233801878',NULL,NULL,'https://pbs.twimg.com/profile_images/969958179865014272/sxMEKNj1_400x400.jpg','us','2018-12-14 14:30:07',NULL,NULL),
(235138978,NULL,'235138978',NULL,NULL,'https://pbs.twimg.com/profile_images/903978921561022465/-46fYwfB_400x400.jpg','au','2018-12-14 14:30:08',NULL,NULL),
(236866598,NULL,'236866598',NULL,NULL,'https://pbs.twimg.com/profile_images/464350986782650368/Ubn-1RmR_400x400.jpeg','gb','2018-12-14 14:30:08',NULL,NULL),
(237064482,NULL,'237064482',NULL,NULL,'https://pbs.twimg.com/profile_images/502812577047404544/9zKe_0Pt_400x400.jpeg','ae','2018-12-14 14:30:06',NULL,NULL),
(239352137,NULL,'239352137',NULL,NULL,'https://pbs.twimg.com/profile_images/459116247502696449/rCAKR8Cq_400x400.jpeg','us','2018-12-14 14:30:08',NULL,NULL),
(240036036,NULL,'240036036',NULL,NULL,'https://pbs.twimg.com/profile_images/847845735638945792/R2owrYc9_400x400.jpg','US','2018-12-14 14:30:07',NULL,NULL),
(240793813,NULL,'240793813',NULL,NULL,'https://pbs.twimg.com/profile_images/799314458388504576/kHSRaqmi_400x400.jpg','US','2018-12-14 14:30:07',NULL,NULL),
(242618658,NULL,'242618658',NULL,NULL,'https://pbs.twimg.com/profile_images/948121000188592128/aicZcf1T_400x400.jpg','us','2018-12-14 14:30:07',NULL,NULL),
(243814712,NULL,'243814712',NULL,NULL,'https://pbs.twimg.com/profile_images/923577789076275200/vqDbeQri_400x400.jpg','us','2018-12-14 14:30:08',NULL,NULL),
(245539132,NULL,'245539132',NULL,NULL,'https://pbs.twimg.com/profile_images/941020186819170304/whjAif6R_400x400.jpg','us','2018-12-14 14:30:07',NULL,NULL),
(245870559,NULL,'245870559',NULL,NULL,'https://abs.twimg.com/sticky/default_profile_images/default_profile_400x400.png','gb','2018-12-14 14:30:06',NULL,NULL),
(246999012,NULL,'246999012',NULL,NULL,'https://pbs.twimg.com/profile_images/3043902202/c2f356baa02abc5431854ddc6c9efde4_400x400.jpeg','us','2018-12-14 14:30:08',NULL,NULL),
(249739297,NULL,'249739297',NULL,NULL,'https://pbs.twimg.com/profile_images/842731384753930240/lE1PbJEc_400x400.jpg','US','2018-12-14 14:30:06',NULL,NULL),
(252357183,NULL,'252357183',NULL,NULL,'https://pbs.twimg.com/profile_images/871433696288452608/wleoG_Rc_400x400.jpg','US','2018-12-14 14:30:08',NULL,NULL),
(252751061,NULL,'252751061',NULL,NULL,'https://pbs.twimg.com/profile_images/940202913393082373/23X8DJQc_400x400.jpg','us','2018-12-14 14:30:08',NULL,NULL),
(253106377,NULL,'253106377',NULL,NULL,'https://pbs.twimg.com/profile_images/490210542745686016/sljEO5Pz_400x400.jpeg','us','2018-12-14 14:30:06',NULL,NULL),
(253586885,NULL,'253586885',NULL,NULL,'https://pbs.twimg.com/profile_images/968904042784141314/b3FrSNaw_400x400.jpg','us','2018-12-14 14:30:08',NULL,NULL),
(254591547,NULL,'254591547',NULL,NULL,'https://pbs.twimg.com/profile_images/559730223844184064/-LRltlaX_400x400.jpeg','us','2018-12-14 14:30:06',NULL,NULL),
(257052897,NULL,'257052897',NULL,NULL,'https://pbs.twimg.com/profile_images/950395594308313090/lCk8JgLM_400x400.jpg','us','2018-12-14 14:30:07',NULL,NULL),
(260920761,NULL,'260920761',NULL,NULL,'https://pbs.twimg.com/profile_images/903063147526881280/Me80FQnx_400x400.jpg','us','2018-12-14 14:30:07',NULL,NULL),
(260926865,NULL,'260926865',NULL,NULL,'https://pbs.twimg.com/profile_images/837027055170699264/RH7QW-yX_400x400.jpg','gb','2018-12-14 14:30:07',NULL,NULL),
(261737162,NULL,'261737162',NULL,NULL,'https://pbs.twimg.com/profile_images/607229564641681408/Uwmcdfdn_400x400.jpg','us','2018-12-14 14:30:08',NULL,NULL),
(262389713,NULL,'262389713',NULL,NULL,'https://pbs.twimg.com/profile_images/1265326199/LS_MedicalLogoSmall_400x400.jpg','ca','2018-12-14 14:30:07',NULL,NULL),
(262934565,NULL,'262934565',NULL,NULL,'https://pbs.twimg.com/profile_images/643396570205962240/1GSy-v7t_400x400.jpg','us','2018-12-14 14:30:08',NULL,NULL),
(263483267,NULL,'263483267',NULL,NULL,'https://abs.twimg.com/sticky/default_profile_images/default_profile_400x400.png','US','2018-12-14 14:30:06',NULL,NULL),
(263875941,NULL,'263875941',NULL,NULL,'https://pbs.twimg.com/profile_images/444421142162718720/gd1CCVWO_400x400.jpeg','gb','2018-12-14 14:30:07',NULL,NULL),
(265715142,NULL,'265715142',NULL,NULL,'https://pbs.twimg.com/profile_images/875594730238640128/pZDEh5s__400x400.jpg','au','2018-12-14 14:30:07',NULL,NULL),
(268560535,NULL,'268560535',NULL,NULL,'https://pbs.twimg.com/profile_images/675713965385777154/E6zJicV__400x400.jpg','FR','2018-12-14 14:30:08',NULL,NULL),
(269662653,NULL,'269662653',NULL,NULL,'https://pbs.twimg.com/profile_images/1281276426/IMAG0106_400x400.jpg','us','2018-12-14 14:30:08',NULL,NULL),
(275122356,NULL,'275122356',NULL,NULL,'https://pbs.twimg.com/profile_images/878793931256807426/8DoTO4Gj_400x400.jpg','us','2018-12-14 14:30:07',NULL,NULL),
(275227336,NULL,'275227336',NULL,NULL,'https://pbs.twimg.com/profile_images/612882412146552833/mJUy40dm_400x400.jpg','in','2018-12-14 14:30:06',NULL,NULL),
(276607267,NULL,'276607267',NULL,NULL,'https://pbs.twimg.com/profile_images/944294357162655744/XR4uwGSD_400x400.jpg','us','2018-12-14 14:30:08',NULL,NULL),
(278393962,NULL,'278393962',NULL,NULL,'https://pbs.twimg.com/profile_images/2224423709/profile2modified_400x400.jpg','us','2018-12-14 14:30:08',NULL,NULL),
(279176310,NULL,'279176310',NULL,NULL,'https://pbs.twimg.com/profile_images/937273168032493568/fqcUnSKg_400x400.jpg','gb','2018-12-14 14:30:06',NULL,NULL),
(284246418,NULL,'284246418',NULL,NULL,'https://pbs.twimg.com/profile_images/663253262045421568/qfO5xpt8_400x400.jpg','us','2018-12-14 14:30:08',NULL,NULL),
(284592381,NULL,'284592381',NULL,NULL,'https://pbs.twimg.com/profile_images/1645290754/100_3526_400x400.JPG','us','2018-12-14 14:30:07',NULL,NULL),
(287413569,NULL,'287413569',NULL,NULL,'https://pbs.twimg.com/profile_images/573517737172934659/bB-v1E-8_400x400.jpeg','us','2018-12-14 14:30:06',NULL,NULL),
(287505035,NULL,'287505035',NULL,NULL,'https://pbs.twimg.com/profile_images/2958105609/213ed501281a486a42bf76230d9bccbb_400x400.jpeg','us','2018-12-14 14:30:07',NULL,NULL),
(289836894,NULL,'289836894',NULL,NULL,'https://pbs.twimg.com/profile_images/936420301767954432/GCmFTKTB_400x400.jpg','us','2018-12-14 14:30:08',NULL,NULL),
(289860450,NULL,'289860450',NULL,NULL,'https://pbs.twimg.com/profile_images/778060405339983872/Ccg5cpn9_400x400.jpg','us','2018-12-14 14:30:07',NULL,NULL),
(291779845,NULL,'291779845',NULL,NULL,'https://pbs.twimg.com/profile_images/962359666310295552/DUsjLrAt_400x400.jpg','gb','2018-12-14 14:30:06',NULL,NULL),
(293012405,NULL,'293012405',NULL,NULL,'https://pbs.twimg.com/profile_images/968272070248366082/IysSeB9E_400x400.jpg','us','2018-12-14 14:30:06',NULL,NULL),
(294335977,NULL,'294335977',NULL,NULL,'https://abs.twimg.com/sticky/default_profile_images/default_profile_400x400.png','us','2018-12-14 14:30:07',NULL,NULL),
(294943948,NULL,'294943948',NULL,NULL,'https://pbs.twimg.com/profile_images/894708419243855873/ngrvl4hJ_400x400.jpg','CA','2018-12-14 14:30:07',NULL,NULL),
(296005306,NULL,'296005306',NULL,NULL,'https://pbs.twimg.com/profile_images/875386489559027713/NsILSoQZ_400x400.jpg','ec','2018-12-14 14:30:06',NULL,NULL),
(296434354,NULL,'296434354',NULL,NULL,'https://pbs.twimg.com/profile_images/1904791062/Calgary-20111225-00655_400x400.jpg','ca','2018-12-14 14:30:08',NULL,NULL),
(298722510,NULL,'298722510',NULL,NULL,'https://pbs.twimg.com/profile_images/866256390377140224/xO1yAO41_400x400.jpg','gb','2018-12-14 14:30:06',NULL,NULL),
(299942753,NULL,'299942753',NULL,NULL,'https://pbs.twimg.com/profile_images/3321196931/e20b68ae69733a811adbd48b3a49e079_400x400.jpeg','us','2018-12-14 14:30:07',NULL,NULL),
(303072146,NULL,'303072146',NULL,NULL,'https://pbs.twimg.com/profile_images/561842746319577090/WfjP0hEU_400x400.jpeg','co','2018-12-14 14:30:08',NULL,NULL),
(308327639,NULL,'308327639',NULL,NULL,'https://pbs.twimg.com/profile_images/626392070387707904/vr8wv00l_400x400.jpg','JP','2018-12-14 14:30:07',NULL,NULL),
(311632838,NULL,'311632838',NULL,NULL,'https://pbs.twimg.com/profile_images/776253207114907648/b7GU3c8l_400x400.jpg','US','2018-12-14 14:30:07',NULL,NULL),
(311856115,NULL,'311856115',NULL,NULL,'https://pbs.twimg.com/profile_images/875567013208268801/x_KDqZqv_400x400.jpg','au','2018-12-14 14:30:07',NULL,NULL),
(312428361,NULL,'312428361',NULL,NULL,'https://pbs.twimg.com/profile_images/1385243639/image_400x400.jpg','US','2018-12-14 14:30:08',NULL,NULL),
(312602927,NULL,'312602927',NULL,NULL,'https://pbs.twimg.com/profile_images/784239549153091584/A9DzbLmq_400x400.jpg','au','2018-12-14 14:30:07',NULL,NULL),
(312870247,NULL,'312870247',NULL,NULL,'https://pbs.twimg.com/profile_images/1386428729/profile_400x400.jpg','US','2018-12-14 14:30:07',NULL,NULL),
(314174259,NULL,'314174259',NULL,NULL,'https://pbs.twimg.com/profile_images/663768386980044800/wl3wqSu4_400x400.png','us','2018-12-14 14:30:07',NULL,NULL),
(317368854,NULL,'317368854',NULL,NULL,'https://pbs.twimg.com/profile_images/2506137568/f14qjh9e28mjfe1s9ix6_400x400.jpeg','US','2018-12-14 14:30:08',NULL,NULL),
(317671447,NULL,'317671447',NULL,NULL,'https://pbs.twimg.com/profile_images/956935531224584192/LkyDJTFj_400x400.jpg','IT','2018-12-14 14:30:07',NULL,NULL),
(317751897,NULL,'317751897',NULL,NULL,'https://pbs.twimg.com/profile_images/856340796504547328/UMUuJTvE_400x400.jpg','AU','2018-12-14 14:30:08',NULL,NULL),
(317882775,NULL,'317882775',NULL,NULL,'https://pbs.twimg.com/profile_images/679464342694313984/azNYkZvB_400x400.jpg','nl','2018-12-14 14:30:08',NULL,NULL),
(324872681,NULL,'324872681',NULL,NULL,'https://pbs.twimg.com/profile_images/2558516406/mv2p28v1qmivih37yhai_400x400.png','us','2018-12-14 14:30:07',NULL,NULL),
(324875719,NULL,'324875719',NULL,NULL,'https://pbs.twimg.com/profile_images/2558537185/4wxedzzfecy0m5l3jnv5_400x400.png','us','2018-12-14 14:30:07',NULL,NULL),
(324878048,NULL,'324878048',NULL,NULL,'https://pbs.twimg.com/profile_images/2558544718/8v38uvf3385jqwuvsihh_400x400.png','us','2018-12-14 14:30:07',NULL,NULL),
(324889165,NULL,'324889165',NULL,NULL,'https://pbs.twimg.com/profile_images/2558585999/ty32f1l1x2b9wgz6dca4_400x400.png','us','2018-12-14 14:30:07',NULL,NULL),
(324906183,NULL,'324906183',NULL,NULL,'https://pbs.twimg.com/profile_images/2558705195/81368stxkg6s3bo9niio_400x400.png','us','2018-12-14 14:30:08',NULL,NULL),
(325494670,NULL,'325494670',NULL,NULL,'https://pbs.twimg.com/profile_images/2558740910/spd98ypyjosmy7xu6i06_400x400.png','us','2018-12-14 14:30:08',NULL,NULL),
(326350078,NULL,'326350078',NULL,NULL,'https://pbs.twimg.com/profile_images/949640019316113408/D0XX7PQH_400x400.jpg','US','2018-12-14 14:30:08',NULL,NULL),
(330880650,NULL,'330880650',NULL,NULL,'https://pbs.twimg.com/profile_images/876947587076685824/D2lATlDu_400x400.jpg','gb','2018-12-14 14:30:06',NULL,NULL),
(334629385,NULL,'334629385',NULL,NULL,'https://pbs.twimg.com/profile_images/2558697096/agxmzbqu2r80k9iocff4_400x400.png','us','2018-12-14 14:30:08',NULL,NULL),
(334743352,NULL,'334743352',NULL,NULL,'https://pbs.twimg.com/profile_images/2558713163/4vvm7vwz9meoylm4d7as_400x400.png','us','2018-12-14 14:30:08',NULL,NULL),
(335147046,NULL,'335147046',NULL,NULL,'https://pbs.twimg.com/profile_images/2561595373/6hyxmbumuc324xi7ogmz_400x400.png','us','2018-12-14 14:30:08',NULL,NULL),
(335149021,NULL,'335149021',NULL,NULL,'https://pbs.twimg.com/profile_images/2558529903/vj8ayromcnekpebcri3i_400x400.png','us','2018-12-14 14:30:07',NULL,NULL),
(335179740,NULL,'335179740',NULL,NULL,'https://pbs.twimg.com/profile_images/2558526326/m8y87arba1ntvbltbdau_400x400.png','us','2018-12-14 14:30:07',NULL,NULL),
(335185392,NULL,'335185392',NULL,NULL,'https://pbs.twimg.com/profile_images/2558563365/3g921k22h5h2lb07428l_400x400.png','us','2018-12-14 14:30:07',NULL,NULL),
(335201510,NULL,'335201510',NULL,NULL,'https://pbs.twimg.com/profile_images/2558695400/q2193cqaab0q05gzaxof_400x400.png','us','2018-12-14 14:30:08',NULL,NULL),
(335215790,NULL,'335215790',NULL,NULL,'https://pbs.twimg.com/profile_images/2558692704/b69yr7ju5ugwe1bjj5x9_400x400.png','us','2018-12-14 14:30:08',NULL,NULL),
(335224933,NULL,'335224933',NULL,NULL,'https://pbs.twimg.com/profile_images/2561570445/zonpu59u14t58r5fx49p_400x400.png','us','2018-12-14 14:30:08',NULL,NULL),
(335295290,NULL,'335295290',NULL,NULL,'https://pbs.twimg.com/profile_images/2561578130/dfkfezrm10m17nvx333d_400x400.png','us','2018-12-14 14:30:08',NULL,NULL),
(337761893,NULL,'337761893',NULL,NULL,'https://pbs.twimg.com/profile_images/835241399867981824/18ETPVo2_400x400.jpg','us','2018-12-14 14:30:08',NULL,NULL),
(337770742,NULL,'337770742',NULL,NULL,'https://pbs.twimg.com/profile_images/459594433772548096/Xkh2y7Ws_400x400.jpeg','mu','2018-12-14 14:30:07',NULL,NULL),
(342957470,NULL,'342957470',NULL,NULL,'https://pbs.twimg.com/profile_images/849991087217397761/fH6R3pWT_400x400.jpg','us','2018-12-14 14:30:08',NULL,NULL),
(344183693,NULL,'344183693',NULL,NULL,'https://pbs.twimg.com/profile_images/936890698824949761/127reYl4_400x400.jpg','us','2018-12-14 14:30:07',NULL,NULL),
(352521276,NULL,'352521276',NULL,NULL,'https://pbs.twimg.com/profile_images/793485601043468288/yyDlJ3SN_400x400.jpg','us','2018-12-14 14:30:08',NULL,NULL),
(355432718,NULL,'355432718',NULL,NULL,'https://pbs.twimg.com/profile_images/780354991538237440/F7LQKhd4_400x400.jpg','gb','2018-12-14 14:30:07',NULL,NULL),
(360620531,NULL,'360620531',NULL,NULL,'https://pbs.twimg.com/profile_images/953806620219400193/5q-X8A3Y_400x400.jpg','US','2018-12-14 14:30:07',NULL,NULL),
(364514214,NULL,'364514214',NULL,NULL,'https://pbs.twimg.com/profile_images/956496618240520192/N7dcMHEt_400x400.jpg','gb','2018-12-14 14:30:08',NULL,NULL),
(365284550,NULL,'365284550',NULL,NULL,'https://pbs.twimg.com/profile_images/908921799810969600/b06bPccc_400x400.jpg','US','2018-12-14 14:30:06',NULL,NULL),
(368984859,NULL,'368984859',NULL,NULL,'https://pbs.twimg.com/profile_images/944609902487535616/aswvyB3F_400x400.jpg','US','2018-12-14 14:30:07',NULL,NULL),
(372327653,NULL,'372327653',NULL,NULL,'https://pbs.twimg.com/profile_images/592373319665643521/wAeKCbXa_400x400.jpg','br','2018-12-14 14:30:07',NULL,NULL),
(372478383,NULL,'372478383',NULL,NULL,'https://pbs.twimg.com/profile_images/611224579713822720/hMREJK3j_400x400.png','us','2018-12-14 14:30:07',NULL,NULL),
(372614258,NULL,'372614258',NULL,NULL,'https://pbs.twimg.com/profile_images/2899488140/caf909feabbd7593c4a4fd407bfb584d_400x400.png','us','2018-12-14 14:30:08',NULL,NULL),
(374717037,NULL,'374717037',NULL,NULL,'https://pbs.twimg.com/profile_images/970088053573341185/2g-298XG_400x400.jpg','pa','2018-12-14 14:30:06',NULL,NULL),
(374881931,NULL,'374881931',NULL,NULL,'https://pbs.twimg.com/profile_images/1546358060/logo_400x400.png','us','2018-12-14 14:30:07',NULL,NULL),
(375465393,NULL,'375465393',NULL,NULL,'https://pbs.twimg.com/profile_images/453705563600191488/alRq8G9d_400x400.jpeg','US','2018-12-14 14:30:07',NULL,NULL),
(375840325,NULL,'375840325',NULL,NULL,'https://pbs.twimg.com/profile_images/555076228651044864/b0t7ArJi_400x400.png','us','2018-12-14 14:30:07',NULL,NULL),
(376744269,NULL,'376744269',NULL,NULL,'https://pbs.twimg.com/profile_images/965250717278703617/kXfr40H0_400x400.jpg','us','2018-12-14 14:30:08',NULL,NULL),
(382788364,NULL,'382788364',NULL,NULL,'https://pbs.twimg.com/profile_images/3354987733/1ec52575410e65a819e369e0a213ad30_400x400.jpeg','kr','2018-12-14 14:30:08',NULL,NULL),
(384267523,NULL,'384267523',NULL,NULL,'https://abs.twimg.com/sticky/default_profile_images/default_profile_400x400.png','fi','2018-12-14 14:30:08',NULL,NULL),
(389172430,NULL,'389172430',NULL,NULL,'https://pbs.twimg.com/profile_images/766087042979823617/b2eXokqT_400x400.jpg','AU','2018-12-14 14:30:07',NULL,NULL),
(392997630,NULL,'392997630',NULL,NULL,'https://pbs.twimg.com/profile_images/2582754853/4c88c438-83a7-47e8-b7d8-eecd09724089_400x400.png','us','2018-12-14 14:30:07',NULL,NULL),
(395090553,NULL,'395090553',NULL,NULL,'https://pbs.twimg.com/profile_images/2349558625/ay6az4qhj9sw169iyxre_400x400.jpeg','US','2018-12-14 14:30:07',NULL,NULL),
(396181599,NULL,'396181599',NULL,NULL,'https://pbs.twimg.com/profile_images/823026423900372992/9-F-7mVp_400x400.jpg','au','2018-12-14 14:30:06',NULL,NULL),
(397936358,NULL,'397936358',NULL,NULL,'https://pbs.twimg.com/profile_images/824676773690478593/-W4rX6VL_400x400.jpg','at','2018-12-14 14:30:06',NULL,NULL),
(400294294,NULL,'400294294',NULL,NULL,'https://pbs.twimg.com/profile_images/1631067843/glitter_fish_400x400.gif','us','2018-12-14 14:30:08',NULL,NULL),
(401294569,NULL,'401294569',NULL,NULL,'https://pbs.twimg.com/profile_images/815681540625551360/xRpAh7rg_400x400.jpg','au','2018-12-14 14:30:08',NULL,NULL),
(402824931,NULL,'402824931',NULL,NULL,'https://pbs.twimg.com/profile_images/959215796353368065/-vNr0prN_400x400.jpg','us','2018-12-14 14:30:07',NULL,NULL),
(403746773,NULL,'403746773',NULL,NULL,'https://pbs.twimg.com/profile_images/824412021705809920/cqSGSFtM_400x400.jpg','US','2018-12-14 14:30:07',NULL,NULL),
(404519856,NULL,'404519856',NULL,NULL,'https://pbs.twimg.com/profile_images/969512868151529473/1l4nIJ_z_400x400.jpg','mx','2018-12-14 14:30:06',NULL,NULL),
(406040240,NULL,'406040240',NULL,NULL,'https://pbs.twimg.com/profile_images/904842639471591424/Ln4ZboUS_400x400.jpg','ca','2018-12-14 14:30:06',NULL,NULL),
(406083970,NULL,'406083970',NULL,NULL,'https://pbs.twimg.com/profile_images/883201629700345856/6oZN2qOm_400x400.jpg','nz','2018-12-14 14:30:07',NULL,NULL),
(408187675,NULL,'408187675',NULL,NULL,'https://pbs.twimg.com/profile_images/640005342475239424/AEw4XJGU_400x400.png','ca','2018-12-14 14:30:06',NULL,NULL),
(417294821,NULL,'417294821',NULL,NULL,'https://pbs.twimg.com/profile_images/3204929884/7193a8fc49f32734246c529cf75aa41c_400x400.jpeg','US','2018-12-14 14:30:07',NULL,NULL),
(420731576,NULL,'420731576',NULL,NULL,'https://pbs.twimg.com/profile_images/836696606766428160/fbyJ09RV_400x400.jpg','mx','2018-12-14 14:30:07',NULL,NULL),
(420812084,NULL,'420812084',NULL,NULL,'https://pbs.twimg.com/profile_images/2232253581/Pic15-998842_400x400.jpg','co','2018-12-14 14:30:07',NULL,NULL),
(425065733,NULL,'425065733',NULL,NULL,'https://pbs.twimg.com/profile_images/677240965711716352/H4-ETFUg_400x400.jpg','ca','2018-12-14 14:30:07',NULL,NULL),
(434064748,NULL,'434064748',NULL,NULL,'https://pbs.twimg.com/profile_images/671222468170809344/Hzs7aUhi_400x400.jpg','pl','2018-12-14 14:30:08',NULL,NULL),
(440190909,NULL,'440190909',NULL,NULL,'https://pbs.twimg.com/profile_images/707029831372812288/SjpXDpu8_400x400.jpg','us','2018-12-14 14:30:07',NULL,NULL),
(447380018,NULL,'447380018',NULL,NULL,'https://pbs.twimg.com/profile_images/942163853248548864/lQG29Jr7_400x400.jpg','NG','2018-12-14 14:30:07',NULL,NULL),
(452675827,NULL,'452675827',NULL,NULL,'https://pbs.twimg.com/profile_images/458655735073615872/b3xY-yQe_400x400.jpeg','us','2018-12-14 14:30:06',NULL,NULL),
(453931528,NULL,'453931528',NULL,NULL,'https://pbs.twimg.com/profile_images/444737933392637952/m0SEe1ie_400x400.jpeg','sg','2018-12-14 14:30:06',NULL,NULL),
(456230845,NULL,'456230845',NULL,NULL,'https://pbs.twimg.com/profile_images/1751621765/RenewEconomy_400x400.gif','au','2018-12-14 14:30:07',NULL,NULL),
(458059971,NULL,'458059971',NULL,NULL,'https://pbs.twimg.com/profile_images/959567746198511616/N9Vyr_zs_400x400.jpg','US','2018-12-14 14:30:08',NULL,NULL),
(467719135,NULL,'467719135',NULL,NULL,'https://pbs.twimg.com/profile_images/938537287192797186/zV1e_Z4G_400x400.jpg','in','2018-12-14 14:30:07',NULL,NULL),
(471356043,NULL,'471356043',NULL,NULL,'https://pbs.twimg.com/profile_images/528359584415879170/pQ6EUKfJ_400x400.jpeg','IE','2018-12-14 14:30:07',NULL,NULL),
(484223266,NULL,'484223266',NULL,NULL,'https://pbs.twimg.com/profile_images/834449303745789952/37hA2yPz_400x400.jpg','us','2018-12-14 14:30:07',NULL,NULL),
(489055534,NULL,'489055534',NULL,NULL,'https://pbs.twimg.com/profile_images/517975096917368833/TRIORGfq_400x400.jpeg','au','2018-12-14 14:30:07',NULL,NULL),
(498167911,NULL,'498167911',NULL,NULL,'https://pbs.twimg.com/profile_images/703293772944318464/8V8LlBTe_400x400.jpg','us','2018-12-14 14:30:08',NULL,NULL),
(498198846,NULL,'498198846',NULL,NULL,'https://pbs.twimg.com/profile_images/877886869240991744/xbjvzD6I_400x400.jpg','gu','2018-12-14 14:30:07',NULL,NULL),
(500302501,NULL,'500302501',NULL,NULL,'https://pbs.twimg.com/profile_images/909491970216747008/SkW12zup_400x400.jpg','us','2018-12-14 14:30:06',NULL,NULL),
(500410336,NULL,'500410336',NULL,NULL,'https://pbs.twimg.com/profile_images/561396540942852096/Jg-Q042v_400x400.jpeg','us','2018-12-14 14:30:07',NULL,NULL),
(503503250,NULL,'503503250',NULL,NULL,'https://pbs.twimg.com/profile_images/915873915725078529/ZAh6sScZ_400x400.jpg','aw','2018-12-14 14:30:07',NULL,NULL),
(508833791,NULL,'508833791',NULL,NULL,'https://pbs.twimg.com/profile_images/580005086857945088/tUH1ah3J_400x400.jpg','ng','2018-12-14 14:30:07',NULL,NULL),
(510887078,NULL,'510887078',NULL,NULL,'https://pbs.twimg.com/profile_images/878823666515050497/gDE4dFI4_400x400.jpg','US','2018-12-14 14:30:08',NULL,NULL),
(511051520,NULL,'511051520',NULL,NULL,'https://pbs.twimg.com/profile_images/963451143060848640/Xv1AUV1U_400x400.jpg','us','2018-12-14 14:30:07',NULL,NULL),
(515749053,NULL,'515749053',NULL,NULL,'https://pbs.twimg.com/profile_images/932917864826392576/-zllkQO2_400x400.jpg','gh','2018-12-14 14:30:08',NULL,NULL),
(518172448,NULL,'518172448',NULL,NULL,'https://pbs.twimg.com/profile_images/903920736250732544/IgCFmcxV_400x400.jpg','my','2018-12-14 14:30:08',NULL,NULL),
(522689274,NULL,'522689274',NULL,NULL,'https://pbs.twimg.com/profile_images/3357092476/dcc876d272ad4905a7d7727e3f4fc37d_400x400.jpeg','IE','2018-12-14 14:30:06',NULL,NULL),
(524500278,NULL,'524500278',NULL,NULL,'https://pbs.twimg.com/profile_images/879088637392166912/yW1ihXwl_400x400.jpg','GR','2018-12-14 14:30:07',NULL,NULL),
(525654904,NULL,'525654904',NULL,NULL,'https://pbs.twimg.com/profile_images/579034933580017664/wELg6d-7_400x400.jpeg','us','2018-12-14 14:30:08',NULL,NULL),
(525828017,NULL,'525828017',NULL,NULL,'https://pbs.twimg.com/profile_images/532439077400768512/wEHlGbS2_400x400.jpeg','au','2018-12-14 14:30:07',NULL,NULL),
(534335615,NULL,'534335615',NULL,NULL,'https://pbs.twimg.com/profile_images/722205029881360385/Nugt_IOY_400x400.jpg','us','2018-12-14 14:30:08',NULL,NULL),
(537021282,NULL,'537021282',NULL,NULL,'https://pbs.twimg.com/profile_images/957378771098710018/4GS5VC-P_400x400.jpg','us','2018-12-14 14:30:07',NULL,NULL),
(538684370,NULL,'538684370',NULL,NULL,'https://pbs.twimg.com/profile_images/2334509545/tdlkhdziw26ssqty8mmb_400x400.jpeg','ca','2018-12-14 14:30:07',NULL,NULL),
(540050160,NULL,'540050160',NULL,NULL,'https://abs.twimg.com/sticky/default_profile_images/default_profile_400x400.png','US','2018-12-14 14:30:06',NULL,NULL),
(543881294,NULL,'543881294',NULL,NULL,'https://pbs.twimg.com/profile_images/571186154842492928/kz8n7yHh_400x400.jpeg','au','2018-12-14 14:30:07',NULL,NULL),
(556411718,NULL,'556411718',NULL,NULL,'https://pbs.twimg.com/profile_images/3156961444/52ce5a6175bac37a0be4906850775323_400x400.jpeg','US','2018-12-14 14:30:07',NULL,NULL),
(557305252,NULL,'557305252',NULL,NULL,'https://abs.twimg.com/sticky/default_profile_images/default_profile_400x400.png','CA','2018-12-14 14:30:07',NULL,NULL),
(561778465,NULL,'561778465',NULL,NULL,'https://pbs.twimg.com/profile_images/844812699573731328/j_6wnP-1_400x400.jpg','co','2018-12-14 14:30:08',NULL,NULL),
(564111558,NULL,'564111558',NULL,NULL,'https://pbs.twimg.com/profile_images/714804098890133504/cUO4gD1A_400x400.jpg','us','2018-12-14 14:30:07',NULL,NULL),
(567425171,NULL,'567425171',NULL,NULL,'https://pbs.twimg.com/profile_images/3456313178/ce0ace0549d72783ba44119e004873c8_400x400.jpeg','us','2018-12-14 14:30:06',NULL,NULL),
(573271561,NULL,'573271561',NULL,NULL,'https://pbs.twimg.com/profile_images/969998818778533889/vs3wY7yM_400x400.jpg','US','2018-12-14 14:30:07',NULL,NULL),
(587436299,NULL,'587436299',NULL,NULL,'https://pbs.twimg.com/profile_images/591477445829660673/csEYEomk_400x400.png','se','2018-12-14 14:30:07',NULL,NULL),
(587887795,NULL,'587887795',NULL,NULL,'https://pbs.twimg.com/profile_images/792427151811284992/kv9LPx4Z_400x400.jpg','us','2018-12-14 14:30:07',NULL,NULL),
(590052460,NULL,'590052460',NULL,NULL,'https://pbs.twimg.com/profile_images/829703617196068864/tIg0cdY0_400x400.jpg','us','2018-12-14 14:30:06',NULL,NULL),
(590937142,NULL,'590937142',NULL,NULL,'https://pbs.twimg.com/profile_images/919594789498171392/IHPmAWBC_400x400.jpg','PY','2018-12-14 14:30:07',NULL,NULL),
(594616066,NULL,'594616066',NULL,NULL,'https://pbs.twimg.com/profile_images/920100895190331392/kfFyIuPe_400x400.jpg','us','2018-12-14 14:30:07',NULL,NULL),
(598444364,NULL,'598444364',NULL,NULL,'https://pbs.twimg.com/profile_images/969012185056858112/L7rgRZeE_400x400.jpg','gb','2018-12-14 14:30:06',NULL,NULL),
(598748823,NULL,'598748823',NULL,NULL,'https://pbs.twimg.com/profile_images/2418427889/ria32kh0en3qjdcepk4p_400x400.jpeg','cn','2018-12-14 14:30:06',NULL,NULL),
(604160529,NULL,'604160529',NULL,NULL,'https://pbs.twimg.com/profile_images/2347175582/pb9d5f8bnd38bbh6v7oq_400x400.jpeg','us','2018-12-14 14:30:07',NULL,NULL),
(604290383,NULL,'604290383',NULL,NULL,'https://pbs.twimg.com/profile_images/549067279095173122/KQZ33mza_400x400.jpeg','mx','2018-12-14 14:30:08',NULL,NULL),
(609186679,NULL,'609186679',NULL,NULL,'https://pbs.twimg.com/profile_images/961997366361341953/323-o7Xc_400x400.jpg','us','2018-12-14 14:30:06',NULL,NULL),
(609263063,NULL,'609263063',NULL,NULL,'https://pbs.twimg.com/profile_images/2310899049/WHH_swirl_2x3_400x400.jpg','us','2018-12-14 14:30:07',NULL,NULL),
(612284217,NULL,'612284217',NULL,NULL,'https://pbs.twimg.com/profile_images/517805430425137152/Z5FDlxB1_400x400.jpeg','AU','2018-12-14 14:30:07',NULL,NULL),
(616623398,NULL,'616623398',NULL,NULL,'https://pbs.twimg.com/profile_images/830234190675316737/kSv0q3tx_400x400.jpg','us','2018-12-14 14:30:07',NULL,NULL),
(632558804,NULL,'632558804',NULL,NULL,'https://pbs.twimg.com/profile_images/478519408583651329/JB_aQf1f_400x400.jpeg','us','2018-12-14 14:30:06',NULL,NULL),
(635608354,NULL,'635608354',NULL,NULL,'https://pbs.twimg.com/profile_images/908525669533016064/xYKyNpnW_400x400.jpg','aq','2018-12-14 14:30:07',NULL,NULL),
(705197282,NULL,'705197282',NULL,NULL,'https://pbs.twimg.com/profile_images/2412347633/DSC_0183_crop1_400x400.jpg','us','2018-12-14 14:30:08',NULL,NULL),
(713984912,NULL,'713984912',NULL,NULL,'https://pbs.twimg.com/profile_images/966617932125147142/ic-ICvCY_400x400.jpg','US','2018-12-14 14:30:07',NULL,NULL),
(715341110,NULL,'715341110',NULL,NULL,'https://pbs.twimg.com/profile_images/654449795315073024/MuEiq46Q_400x400.jpg','mx','2018-12-14 14:30:07',NULL,NULL),
(721141764,NULL,'721141764',NULL,NULL,'https://pbs.twimg.com/profile_images/882401619945463808/HwHmh-F3_400x400.jpg','US','2018-12-14 14:30:07',NULL,NULL),
(727186483,NULL,'727186483',NULL,NULL,'https://pbs.twimg.com/profile_images/2450156606/249962_10150224941391904_7602159_n_400x400.jpg','au','2018-12-14 14:30:07',NULL,NULL),
(741341269,NULL,'741341269',NULL,NULL,'https://pbs.twimg.com/profile_images/955167337455505409/cUBrzd1-_400x400.jpg','AR','2018-12-14 14:30:08',NULL,NULL),
(763861356,NULL,'763861356',NULL,NULL,'https://pbs.twimg.com/profile_images/969727740793556992/UDva5UOD_400x400.jpg','ng','2018-12-14 14:30:07',NULL,NULL),
(764567449,NULL,'764567449',NULL,NULL,'https://pbs.twimg.com/profile_images/2590257372/p3jn802whf6pp8ig3a2f_400x400.jpeg','ca','2018-12-14 14:30:06',NULL,NULL),
(784261346,NULL,'784261346',NULL,NULL,'https://pbs.twimg.com/profile_images/798283112404791296/tnT2wvdt_400x400.jpg','gb','2018-12-14 14:30:07',NULL,NULL),
(785183402,NULL,'785183402',NULL,NULL,'https://pbs.twimg.com/profile_images/939550419247910914/YRYjD_KK_400x400.jpg','ar','2018-12-14 14:30:08',NULL,NULL),
(800748296,NULL,'800748296',NULL,NULL,'https://pbs.twimg.com/profile_images/591469938075832321/d6iXGpnN_400x400.jpg','ca','2018-12-14 14:30:08',NULL,NULL),
(810228066,NULL,'810228066',NULL,NULL,'https://pbs.twimg.com/profile_images/871167248873816065/viYf6bPJ_400x400.jpg','US','2018-12-14 14:30:08',NULL,NULL),
(810740929,NULL,'810740929',NULL,NULL,'https://pbs.twimg.com/profile_images/969688995943927808/suAT3Qpf_400x400.jpg','ng','2018-12-14 14:30:07',NULL,NULL),
(831148974,NULL,'831148974',NULL,NULL,'https://pbs.twimg.com/profile_images/917777794393714688/MaNtoFyk_400x400.jpg','gb','2018-12-14 14:30:07',NULL,NULL),
(837123636,NULL,'837123636',NULL,NULL,'https://pbs.twimg.com/profile_images/673551908712267776/tR1BQyOY_400x400.jpg','us','2018-12-14 14:30:08',NULL,NULL),
(846900793,NULL,'846900793',NULL,NULL,'https://pbs.twimg.com/profile_images/798390130113474561/TVVrGzOg_400x400.jpg','us','2018-12-14 14:30:07',NULL,NULL),
(858418850,NULL,'858418850',NULL,NULL,'https://pbs.twimg.com/profile_images/944974287093481473/j8rDmPGI_400x400.jpg','us','2018-12-14 14:30:07',NULL,NULL),
(869049313,NULL,'869049313',NULL,NULL,'https://pbs.twimg.com/profile_images/928128621956382721/SGuJfSUz_400x400.jpg','ca','2018-12-14 14:30:08',NULL,NULL),
(872291934,NULL,'872291934',NULL,NULL,'https://pbs.twimg.com/profile_images/689604707791147008/icY4Fneu_400x400.jpg','CA','2018-12-14 14:30:07',NULL,NULL),
(872728604,NULL,'872728604',NULL,NULL,'https://pbs.twimg.com/profile_images/966725157250306049/Td-HG07w_400x400.jpg','us','2018-12-14 14:30:07',NULL,NULL),
(873852984,NULL,'873852984',NULL,NULL,'https://pbs.twimg.com/profile_images/477537270929846273/S0vzTCqF_400x400.jpeg','GB','2018-12-14 14:30:08',NULL,NULL),
(876245533,NULL,'876245533',NULL,NULL,'https://pbs.twimg.com/profile_images/845604118500691968/UorgAOWJ_400x400.jpg','se','2018-12-14 14:30:06',NULL,NULL),
(880929493,NULL,'880929493',NULL,NULL,'https://abs.twimg.com/sticky/default_profile_images/default_profile_400x400.png','us','2018-12-14 14:30:08',NULL,NULL),
(909422760,NULL,'909422760',NULL,NULL,'https://pbs.twimg.com/profile_images/504780832855572481/w5zF9QcU_400x400.jpeg','us','2018-12-14 14:30:07',NULL,NULL),
(922017799,NULL,'922017799',NULL,NULL,'https://pbs.twimg.com/profile_images/563513147080724480/DRrcCRyd_400x400.jpeg','us','2018-12-14 14:30:07',NULL,NULL),
(925056602,NULL,'925056602',NULL,NULL,'https://pbs.twimg.com/profile_images/478634643294789632/YCdyb8BR_400x400.jpeg','jp','2018-12-14 14:30:08',NULL,NULL),
(942826278,NULL,'942826278',NULL,NULL,'https://pbs.twimg.com/profile_images/607560139550302208/h0sXX5Ix_400x400.png','us','2018-12-14 14:30:07',NULL,NULL),
(961132338,NULL,'961132338',NULL,NULL,'https://pbs.twimg.com/profile_images/624162698406707200/XuSCChra_400x400.png','us','2018-12-14 14:30:07',NULL,NULL),
(980698310,NULL,'980698310',NULL,NULL,'https://pbs.twimg.com/profile_images/918536061655109632/jms2rE0q_400x400.jpg','us','2018-12-14 14:30:06',NULL,NULL),
(983508625,NULL,'983508625',NULL,NULL,'https://pbs.twimg.com/profile_images/750472909437571072/oU51-H7n_400x400.jpg','au','2018-12-14 14:30:06',NULL,NULL),
(997420128,NULL,'997420128',NULL,NULL,'https://pbs.twimg.com/profile_images/3325765237/b8c290b5da6376505da663da870810f5_400x400.jpeg','US','2018-12-14 14:30:07',NULL,NULL),
(1002174228,NULL,'1002174228',NULL,NULL,'https://pbs.twimg.com/profile_images/949012132766605312/ajoBfBTs_400x400.jpg','ch','2018-12-14 14:30:07',NULL,NULL),
(1013865253,NULL,'1013865253',NULL,NULL,'https://pbs.twimg.com/profile_images/969006845934407686/wP3pMhJM_400x400.jpg','GB','2018-12-14 14:30:08',NULL,NULL),
(1018999369,NULL,'1018999369',NULL,NULL,'https://pbs.twimg.com/profile_images/418977689127489537/gpXSCi_v_400x400.jpeg','in','2018-12-14 14:30:08',NULL,NULL),
(1060706376,NULL,'1060706376',NULL,NULL,'https://pbs.twimg.com/profile_images/768109973083742208/LiKggruI_400x400.jpg','us','2018-12-14 14:30:07',NULL,NULL),
(1077850658,NULL,'1077850658',NULL,NULL,'https://pbs.twimg.com/profile_images/3095470603/fefa30e42e95fcf294f7ff74b7f18caa_400x400.jpeg','hu','2018-12-14 14:30:06',NULL,NULL),
(1080161394,NULL,'1080161394',NULL,NULL,'https://abs.twimg.com/sticky/default_profile_images/default_profile_400x400.png','ca','2018-12-14 14:30:07',NULL,NULL),
(1081365246,NULL,'1081365246',NULL,NULL,'https://pbs.twimg.com/profile_images/834565040665567232/5Q3NbbHn_400x400.jpg','ca','2018-12-14 14:30:06',NULL,NULL),
(1091712824,NULL,'1091712824',NULL,NULL,'https://pbs.twimg.com/profile_images/680956732965785601/BmIIllnC_400x400.jpg','us','2018-12-14 14:30:07',NULL,NULL),
(1106020333,NULL,'1106020333',NULL,NULL,'https://pbs.twimg.com/profile_images/473772244695396353/kl7BLm8e_400x400.jpeg','de','2018-12-14 14:30:08',NULL,NULL),
(1135993442,NULL,'1135993442',NULL,NULL,'https://pbs.twimg.com/profile_images/730988685458444289/I_hkDCNC_400x400.jpg','us','2018-12-14 14:30:08',NULL,NULL),
(1156489574,NULL,'1156489574',NULL,NULL,'https://pbs.twimg.com/profile_images/3219570939/7889d671168dfb068c617c5221b8b7ff_400x400.jpeg','pk','2018-12-14 14:30:07',NULL,NULL),
(1157415012,NULL,'1157415012',NULL,NULL,'https://pbs.twimg.com/profile_images/3328980431/b7d7d07215bb3f43cbc1baaca47a1dd0_400x400.jpeg','us','2018-12-14 14:30:08',NULL,NULL),
(1162471963,NULL,'1162471963',NULL,NULL,'https://pbs.twimg.com/profile_images/946362751684960256/SsvXajUn_400x400.jpg','be','2018-12-14 14:30:06',NULL,NULL),
(1167632820,NULL,'1167632820',NULL,NULL,'https://pbs.twimg.com/profile_images/476842299649830912/AfF8bveh_400x400.png','ae','2018-12-14 14:30:07',NULL,NULL),
(1172417000,NULL,'1172417000',NULL,NULL,'https://pbs.twimg.com/profile_images/948585593193320449/ITINHDRM_400x400.jpg','de','2018-12-14 14:30:07',NULL,NULL),
(1180959578,NULL,'1180959578',NULL,NULL,'https://pbs.twimg.com/profile_images/826923537906671616/0lRu8_7i_400x400.jpg','us','2018-12-14 14:30:07',NULL,NULL),
(1223841954,NULL,'1223841954',NULL,NULL,'https://pbs.twimg.com/profile_images/962951482466283525/mnST2dgO_400x400.jpg','gb','2018-12-14 14:30:08',NULL,NULL),
(1238981322,NULL,'1238981322',NULL,NULL,'https://pbs.twimg.com/profile_images/3338656042/ebd808c5b70356c503c83f9983131ed6_400x400.jpeg','us','2018-12-14 14:30:07',NULL,NULL),
(1243827631,NULL,'1243827631',NULL,NULL,'https://pbs.twimg.com/profile_images/968261080169570305/eYKcgc4w_400x400.jpg','au','2018-12-14 14:30:07',NULL,NULL),
(1246951472,NULL,'1246951472',NULL,NULL,'https://pbs.twimg.com/profile_images/3346553907/0f5cccde2726bdc290cc1c8a14a241ac_400x400.jpeg','us','2018-12-14 14:30:06',NULL,NULL),
(1258712054,NULL,'1258712054',NULL,NULL,'https://pbs.twimg.com/profile_images/772859536759787520/iLc_j3La_400x400.jpg','gb','2018-12-14 14:30:07',NULL,NULL),
(1306026673,NULL,'1306026673',NULL,NULL,'https://pbs.twimg.com/profile_images/3435640849/21ff1a96abf02e3ff9d2fb086c8f1336_400x400.jpeg','us','2018-12-14 14:30:08',NULL,NULL),
(1328077424,NULL,'1328077424',NULL,NULL,'https://pbs.twimg.com/profile_images/424609530237157376/-iPBSm1q_400x400.jpeg','ca','2018-12-14 14:30:07',NULL,NULL),
(1331204348,NULL,'1331204348',NULL,NULL,'https://pbs.twimg.com/profile_images/691367372142333952/xwpNqRcK_400x400.png','AT','2018-12-14 14:30:08',NULL,NULL),
(1342154214,NULL,'1342154214',NULL,NULL,'https://pbs.twimg.com/profile_images/969678467456520193/7XrOEcTv_400x400.jpg','si','2018-12-14 14:30:07',NULL,NULL),
(1377648546,NULL,'1377648546',NULL,NULL,'https://pbs.twimg.com/profile_images/945986396812066817/SuctxwOY_400x400.jpg','in','2018-12-14 14:30:07',NULL,NULL),
(1393672500,NULL,'1393672500',NULL,NULL,'https://pbs.twimg.com/profile_images/645104751428767744/Xa6UjprH_400x400.png','ca','2018-12-14 14:30:06',NULL,NULL),
(1422820436,NULL,'1422820436',NULL,NULL,'https://pbs.twimg.com/profile_images/919506811710971905/v3g_fmi7_400x400.jpg','au','2018-12-14 14:30:08',NULL,NULL),
(1440916806,NULL,'1440916806',NULL,NULL,'https://pbs.twimg.com/profile_images/3680689987/26e3d2f236b8e134836bbb24b7cd6fb2_400x400.jpeg','gr','2018-12-14 14:30:07',NULL,NULL),
(1447874994,NULL,'1447874994',NULL,NULL,'https://pbs.twimg.com/profile_images/954531801749270528/PpwdCN24_400x400.jpg','us','2018-12-14 14:30:08',NULL,NULL),
(1494835716,NULL,'1494835716',NULL,NULL,'https://pbs.twimg.com/profile_images/868308621645447170/5FdTxSnK_400x400.jpg','us','2018-12-14 14:30:08',NULL,NULL),
(1507274292,NULL,'1507274292',NULL,NULL,'https://pbs.twimg.com/profile_images/948706875725504513/NMmsi-FD_400x400.jpg','US','2018-12-14 14:30:08',NULL,NULL),
(1511731945,NULL,'1511731945',NULL,NULL,'https://abs.twimg.com/sticky/default_profile_images/default_profile_400x400.png','US','2018-12-14 14:30:07',NULL,NULL),
(1533337195,NULL,'1533337195',NULL,NULL,'https://pbs.twimg.com/profile_images/917570346714152960/JAPGZ5HE_400x400.jpg','sg','2018-12-14 14:30:07',NULL,NULL),
(1536752839,NULL,'1536752839',NULL,NULL,'https://pbs.twimg.com/profile_images/934811765858189312/VlOs5gH6_400x400.jpg','gb','2018-12-14 14:30:06',NULL,NULL),
(1550175378,NULL,'1550175378',NULL,NULL,'https://pbs.twimg.com/profile_images/378800000052811011/a4c76c7ece6a5b2d9596df6b3a73027d_400x400.png','us','2018-12-14 14:30:06',NULL,NULL),
(1556243558,NULL,'1556243558',NULL,NULL,'https://pbs.twimg.com/profile_images/845391173069897728/W1sdIogD_400x400.jpg','CA','2018-12-14 14:30:08',NULL,NULL),
(1558247904,NULL,'1558247904',NULL,NULL,'https://pbs.twimg.com/profile_images/817774110336028672/WX7Tjl4z_400x400.jpg','us','2018-12-14 14:30:08',NULL,NULL),
(1568434604,NULL,'1568434604',NULL,NULL,'https://pbs.twimg.com/profile_images/378800000260828779/36d723f300078b5a9e4c7cb122503dfc_400x400.png','us','2018-12-14 14:30:07',NULL,NULL),
(1572386862,NULL,'1572386862',NULL,NULL,'https://pbs.twimg.com/profile_images/907149676457205760/92DNfIJo_400x400.jpg','GB','2018-12-14 14:30:06',NULL,NULL),
(1578431606,NULL,'1578431606',NULL,NULL,'https://pbs.twimg.com/profile_images/855077289213743105/HoR63Wph_400x400.jpg','gb','2018-12-14 14:30:08',NULL,NULL),
(1609546459,NULL,'1609546459',NULL,NULL,'https://pbs.twimg.com/profile_images/757661556595314688/QiG45dBO_400x400.jpg','US','2018-12-14 14:30:08',NULL,NULL),
(1620115130,NULL,'1620115130',NULL,NULL,'https://pbs.twimg.com/profile_images/717057046328320000/HBc760Ke_400x400.jpg','gb','2018-12-14 14:30:06',NULL,NULL),
(1633453286,NULL,'1633453286',NULL,NULL,'https://pbs.twimg.com/profile_images/378800000215689056/240ee570fb33bec15bad367640e67f73_400x400.png','ca','2018-12-14 14:30:07',NULL,NULL),
(1637037637,NULL,'1637037637',NULL,NULL,'https://pbs.twimg.com/profile_images/591065671619846144/gGzo-hDD_400x400.jpg','ph','2018-12-14 14:30:07',NULL,NULL),
(1648133851,NULL,'1648133851',NULL,NULL,'https://pbs.twimg.com/profile_images/967464590476021760/JdDq3CbL_400x400.jpg','NL','2018-12-14 14:30:08',NULL,NULL),
(1667626296,NULL,'1667626296',NULL,NULL,'https://pbs.twimg.com/profile_images/953387641973755904/v9V3hf0U_400x400.jpg','gb','2018-12-14 14:30:06',NULL,NULL),
(1711424268,NULL,'1711424268',NULL,NULL,'https://pbs.twimg.com/profile_images/955245236032126976/Dq-bypDc_400x400.jpg','in','2018-12-14 14:30:06',NULL,NULL),
(1717710512,NULL,'1717710512',NULL,NULL,'https://pbs.twimg.com/profile_images/961110446697799680/Jynh_VtL_400x400.jpg','pk','2018-12-14 14:30:07',NULL,NULL),
(1855492290,NULL,'1855492290',NULL,NULL,'https://abs.twimg.com/sticky/default_profile_images/default_profile_400x400.png','US','2018-12-14 14:30:07',NULL,NULL),
(1949150929,NULL,'1949150929',NULL,NULL,'https://pbs.twimg.com/profile_images/968309917588377604/Kg-uCvgA_400x400.jpg','se','2018-12-14 14:30:07',NULL,NULL),
(1960770535,NULL,'1960770535',NULL,NULL,'https://pbs.twimg.com/profile_images/447618461951205376/9prKvB64_400x400.jpeg','CA','2018-12-14 14:30:08',NULL,NULL),
(1961325092,NULL,'1961325092',NULL,NULL,'https://pbs.twimg.com/profile_images/430905648562196481/JrPC7M1q_400x400.jpeg','us','2018-12-14 14:30:07',NULL,NULL),
(1976317832,NULL,'1976317832',NULL,NULL,'https://pbs.twimg.com/profile_images/930676116074975234/vjZpXfwA_400x400.jpg','us','2018-12-14 14:30:07',NULL,NULL);

/*!40101 SET SQL_MODE=@OLD_SQL_MODE */;
/*!40014 SET FOREIGN_KEY_CHECKS=@OLD_FOREIGN_KEY_CHECKS */;
/*!40014 SET UNIQUE_CHECKS=@OLD_UNIQUE_CHECKS */;
/*!40111 SET SQL_NOTES=@OLD_SQL_NOTES */;
